Task ID,Task Name,Story Point,Assignee,Wallet,Workspace ID,Workspace Name,Amount,Date,Token,Token Address,TxHash,SafeTxHash
b66ac3f3-2bbd-4f77-be7e-4bf3240e927d,Seeking an experienced art/music/culture DAO expert,,jihad.eth,0x70eCe45cDc64A768f936Ccb8aC851578251363e3,4e848cab-08db-4fd2-9110-b6540b34eee4,Operations Guild's Creator Gigs,270,2022-07-29 13:11:56,USDC,0xA0b86991c6218b36c1d19D4a2e9Eb0cE3606eB48,0xb1dc67f28fb59e2727bd743d481ae92cd3c12538e916ec984f263d846cc3a159,0x2ed5244007567f706e4e99417bf6e8e3eaf2eef1af549dca2b1b696d5c354820
b66ac3f3-2bbd-4f77-be7e-4bf3240e927d,Seeking an experienced art/music/culture DAO expert,,jihad.eth,0x70eCe45cDc64A768f936Ccb8aC851578251363e3,4e848cab-08db-4fd2-9110-b6540b34eee4,Operations Guild's Creator Gigs,15.38,2022-07-29 13:11:56,ANT,0xa117000000f279D81A1D3cc75430fAA017FA5A2e,0xb1dc67f28fb59e2727bd743d481ae92cd3c12538e916ec984f263d846cc3a159,0x2ed5244007567f706e4e99417bf6e8e3eaf2eef1af549dca2b1b696d5c354820
a39b5ae4-80c4-41d2-825d-601c77ba3fb8,ANT,,Baseballbatman,0xC3DA3DE2746A86a28C562e1B58388C3949ed04Cc,4e848cab-08db-4fd2-9110-b6540b34eee4,Operations Guild's Creator Gigs,15.04,2022-06-19 13:34:10,ANT,0xa117000000f279D81A1D3cc75430fAA017FA5A2e,0xda932fd3af8a8c41ba79666909a63fcf4af055e60614b032ce31290a44097028,0x43ef30e1b11fe15c7f2cb27eaf3eeb9ba74e376aeb1e7dd4b43b99ebfbba4a4c
d4172188-b0ca-4c0b-ae2e-40113bd10de2,"Translation of ""How to DAO: Answers for Beginners"" article to Russian",2,Baseballbatman,0xC3DA3DE2746A86a28C562e1B58388C3949ed04Cc,4e848cab-08db-4fd2-9110-b6540b34eee4,Operations Guild's Creator Gigs,180,2022-06-19 13:34:10,USDC,0xA0b86991c6218b36c1d19D4a2e9Eb0cE3606eB48,0xda932fd3af8a8c41ba79666909a63fcf4af055e60614b032ce31290a44097028,0x43ef30e1b11fe15c7f2cb27eaf3eeb9ba74e376aeb1e7dd4b43b99ebfbba4a4c
203b33fd-c2e5-48d1-92a4-4f9a42b50b5d,Seeking an experienced investment DAO expert,,hirsh1,0xbA88168Abd7E9d53A03bE6Ec63f6ed30d466C451,4e848cab-08db-4fd2-9110-b6540b34eee4,Operations Guild's Creator Gigs,17.14,2022-07-21 16:56:35,ANT,0xa117000000f279D81A1D3cc75430fAA017FA5A2e,0xf392edd006dc57361b191e66cb3d1e4dcc5b5b044c168c4d979e44ddfd0b7420,0xd7356c81e95d55964bd10e46fd594682f0affc65a38b80101bf3fca518ac1476
203b33fd-c2e5-48d1-92a4-4f9a42b50b5d,Seeking an experienced investment DAO expert,,hirsh1,0xbA88168Abd7E9d53A03bE6Ec63f6ed30d466C451,4e848cab-08db-4fd2-9110-b6540b34eee4,Operations Guild's Creator Gigs,270,2022-07-21 16:56:35,USDC,0xA0b86991c6218b36c1d19D4a2e9Eb0cE3606eB48,0xf392edd006dc57361b191e66cb3d1e4dcc5b5b044c168c4d979e44ddfd0b7420,0xd7356c81e95d55964bd10e46fd594682f0affc65a38b80101bf3fca518ac1476
e38652f6-d0a0-423d-a046-8c80f6218208,Team Development August 2022 1/3 (DTG.S2.M8.N628),,tony.alpha ??,0xADc73EB8E4673e5FD5A9c709c4379c074991F2D3,23383847-d1ae-4b41-99db-9eb3da4e7cc0,dTech Creator Gigs,810,2022-09-12 15:42:11,USDC,0xA0b86991c6218b36c1d19D4a2e9Eb0cE3606eB48,0xbd2d19a7316bd626b4b40066298735c2c1b7bed54cdb45cff7a1d3519c96bc41,0x43192d2cd65d516c23294303e433a2c2640e36b558d6996b1d0247ce7fb866fc
0f290061-d39c-4696-a108-b4ac2e48dd77,Aragon Client Apps review (DTG.P2.M6.N35),,tony.alpha ??,0xADc73EB8E4673e5FD5A9c709c4379c074991F2D3,8ba60052-2213-4cfb-8443-ff1b9c61de1a,Aragon Technical Documentation,16.75,2022-08-17 12:48:24,ANT,0xa117000000f279D81A1D3cc75430fAA017FA5A2e,0xbc4784ca0e770abb0a82778e9c71acd88da3583fa2cab8594e7ddac9a2fdb97c,0xecc68ada5aa8b56fe2412135c5604089f5134f001412008fa1c756d1f0c56576
d136dc88-eeed-4730-968c-05ab02995660,June Team Development (DTG.P1.M6.N31),,tony.alpha ??,0xADc73EB8E4673e5FD5A9c709c4379c074991F2D3,23383847-d1ae-4b41-99db-9eb3da4e7cc0,dTech Creator Gigs,900,2022-07-12 8:43:44,USDC,0x2791Bca1f2de4661ED88A30C99A7a9449Aa84174,0x8f8a41877dac0011196e1a679ee537f39ed17f61acbb93fbd5c44bd4bdb50de5,0x0aaf4a4820eababf01fef47e74008a03cea08ae63308c2adcd370bcbbeca8a42
0f290061-d39c-4696-a108-b4ac2e48dd77,Aragon Client Apps review (DTG.P2.M6.N35),,tony.alpha ??,0xADc73EB8E4673e5FD5A9c709c4379c074991F2D3,8ba60052-2213-4cfb-8443-ff1b9c61de1a,Aragon Technical Documentation,300,2022-08-17 12:48:24,USDC,0xA0b86991c6218b36c1d19D4a2e9Eb0cE3606eB48,0xbc4784ca0e770abb0a82778e9c71acd88da3583fa2cab8594e7ddac9a2fdb97c,0xecc68ada5aa8b56fe2412135c5604089f5134f001412008fa1c756d1f0c56576
1aa54a2a-ee90-4c85-b6e6-1d8e2738661f,Walk a client  through building a DAO for Otoco integration (DTG.P1.M5.N7),,tony.alpha ??,0xADc73EB8E4673e5FD5A9c709c4379c074991F2D3,23383847-d1ae-4b41-99db-9eb3da4e7cc0,dTech Creator Gigs,315,2022-07-12 8:43:44,USDC,0x2791Bca1f2de4661ED88A30C99A7a9449Aa84174,0x8f8a41877dac0011196e1a679ee537f39ed17f61acbb93fbd5c44bd4bdb50de5,0x0aaf4a4820eababf01fef47e74008a03cea08ae63308c2adcd370bcbbeca8a42
e38652f6-d0a0-423d-a046-8c80f6218208,Team Development August 2022 1/3 (DTG.S2.M8.N628),,tony.alpha ??,0xADc73EB8E4673e5FD5A9c709c4379c074991F2D3,23383847-d1ae-4b41-99db-9eb3da4e7cc0,dTech Creator Gigs,48.39,2022-09-12 15:42:11,ANT,0xa117000000f279D81A1D3cc75430fAA017FA5A2e,0xbd2d19a7316bd626b4b40066298735c2c1b7bed54cdb45cff7a1d3519c96bc41,0x43192d2cd65d516c23294303e433a2c2640e36b558d6996b1d0247ce7fb866fc
fc1c210b-a2c9-4bef-868e-2b3621171449,July Team Development (DTG.P1.M7.N473),,tony.alpha ??,0xADc73EB8E4673e5FD5A9c709c4379c074991F2D3,23383847-d1ae-4b41-99db-9eb3da4e7cc0,dTech Creator Gigs,900,2022-08-17 12:48:24,USDC,0xA0b86991c6218b36c1d19D4a2e9Eb0cE3606eB48,0xbc4784ca0e770abb0a82778e9c71acd88da3583fa2cab8594e7ddac9a2fdb97c,0xecc68ada5aa8b56fe2412135c5604089f5134f001412008fa1c756d1f0c56576
a39e4715-b504-47a3-a77b-e4f41e4ac86a,DTG.P1.M6.N31 10% ANT,,tony.alpha ??,0xADc73EB8E4673e5FD5A9c709c4379c074991F2D3,23383847-d1ae-4b41-99db-9eb3da4e7cc0,dTech Creator Gigs,63.69,2022-07-12 8:45:40,ANT,0xa117000000f279D81A1D3cc75430fAA017FA5A2e,0xd0f8eaf53183aab05430cdd46d45b35cba63e6549b51dfda975f4b30c3b135b4,0x2837e0f276c39370fb65e5a1ec819b60c41fbd4f2ef5b26d14117b1a0cd1dcfe
fc1c210b-a2c9-4bef-868e-2b3621171449,July Team Development (DTG.P1.M7.N473),,tony.alpha ??,0xADc73EB8E4673e5FD5A9c709c4379c074991F2D3,23383847-d1ae-4b41-99db-9eb3da4e7cc0,dTech Creator Gigs,50.25,2022-08-17 12:48:24,ANT,0xa117000000f279D81A1D3cc75430fAA017FA5A2e,0xbc4784ca0e770abb0a82778e9c71acd88da3583fa2cab8594e7ddac9a2fdb97c,0xecc68ada5aa8b56fe2412135c5604089f5134f001412008fa1c756d1f0c56576
7e40f04c-47b5-4a21-947b-3f2d1abd6315,DTG.P1.M5.N7 10% ANT,,tony.alpha ??,0xADc73EB8E4673e5FD5A9c709c4379c074991F2D3,23383847-d1ae-4b41-99db-9eb3da4e7cc0,dTech Creator Gigs,22.29,2022-07-12 8:45:40,ANT,0xa117000000f279D81A1D3cc75430fAA017FA5A2e,0xd0f8eaf53183aab05430cdd46d45b35cba63e6549b51dfda975f4b30c3b135b4,0x2837e0f276c39370fb65e5a1ec819b60c41fbd4f2ef5b26d14117b1a0cd1dcfe
c97baf16-0494-496b-9a5a-4deab4e7c83f,AMA Coordination,,temitope,0x17374EAF27D2646Cd39399f41bE3Bf95b4b997A9,88350f86-57f0-4d70-a805-1afe5a1f63d3,Community Experience Squad Open Bounties,,2022-08-17 12:48:24,USDC,0xA0b86991c6218b36c1d19D4a2e9Eb0cE3606eB48,,
ea0c9e10-353a-47ba-8370-2bc9acb13670,June AMA Coordination (Copy),,temitope,0x17374EAF27D2646Cd39399f41bE3Bf95b4b997A9,dced4009-2ada-45cb-84cb-f5c228e0a3b0,dGov Creator Gigs,,2022-07-12 8:45:40,ANT,0xa117000000f279D81A1D3cc75430fAA017FA5A2e,,
0437c7e1-c45d-4a9c-903d-68a7a9d6997a,AMA coordination,,temitope,0x17374EAF27D2646Cd39399f41bE3Bf95b4b997A9,88350f86-57f0-4d70-a805-1afe5a1f63d3,Community Experience Squad Open Bounties,,2022-07-12 8:43:44,USDC,0x2791Bca1f2de4661ED88A30C99A7a9449Aa84174,,
11b29c13-bee6-44f7-8fd8-0b941783ec23,JULY AMA,,temitope,0x17374EAF27D2646Cd39399f41bE3Bf95b4b997A9,dced4009-2ada-45cb-84cb-f5c228e0a3b0,dGov Creator Gigs,,2022-07-29 13:11:56,USDC,0xA0b86991c6218b36c1d19D4a2e9Eb0cE3606eB48,,
b48729c3-59cc-4426-8523-95f1551fdba3,10% ANT,,temitope,0x17374EAF27D2646Cd39399f41bE3Bf95b4b997A9,88350f86-57f0-4d70-a805-1afe5a1f63d3,Community Experience Squad Open Bounties,,2022-07-12 8:45:40,ANT,0xa117000000f279D81A1D3cc75430fAA017FA5A2e,,
193eefcb-81c6-4727-8622-5100b72c59c4,June AMA Coordination,,temitope,0x17374EAF27D2646Cd39399f41bE3Bf95b4b997A9,dced4009-2ada-45cb-84cb-f5c228e0a3b0,dGov Creator Gigs,,2022-07-12 8:43:44,USDC,0x2791Bca1f2de4661ED88A30C99A7a9449Aa84174,,
11b29c13-bee6-44f7-8fd8-0b941783ec23,JULY AMA,,temitope,0x17374EAF27D2646Cd39399f41bE3Bf95b4b997A9,dced4009-2ada-45cb-84cb-f5c228e0a3b0,dGov Creator Gigs,,2022-07-29 13:11:56,ANT,0xa117000000f279D81A1D3cc75430fAA017FA5A2e,,
c97baf16-0494-496b-9a5a-4deab4e7c83f,AMA Coordination,,temitope,0x17374EAF27D2646Cd39399f41bE3Bf95b4b997A9,88350f86-57f0-4d70-a805-1afe5a1f63d3,Community Experience Squad Open Bounties,,2022-08-17 12:48:24,ANT,0xa117000000f279D81A1D3cc75430fAA017FA5A2e,,
bd73ba20-b331-4ef6-a0c8-300a4c59b579,Discord Introductions & Discussion,,kndlexi,0x476ECEe2dE6E667e0CD5a8CaFF49e9e8926c11Eb,c2bdf75d-4cf0-4865-bd90-22cf627d4d7d,Community Creator Gigs,53.76,2022-09-12 15:15:41,ANT,0xa117000000f279D81A1D3cc75430fAA017FA5A2e,0x3250d0fd29cee35c5a26fd8408d717532f454ec642beeca8c9299202201666b4,0xb657de5c6664580c70da2394854ea6780ea7f419b565ac1121d695fc75214001
bd73ba20-b331-4ef6-a0c8-300a4c59b579,Discord Introductions & Discussion,,kndlexi,0x476ECEe2dE6E667e0CD5a8CaFF49e9e8926c11Eb,c2bdf75d-4cf0-4865-bd90-22cf627d4d7d,Community Creator Gigs,900,2022-09-12 15:15:41,USDC,0xA0b86991c6218b36c1d19D4a2e9Eb0cE3606eB48,0x3250d0fd29cee35c5a26fd8408d717532f454ec642beeca8c9299202201666b4,0xb657de5c6664580c70da2394854ea6780ea7f419b565ac1121d695fc75214001
0f290061-d39c-4696-a108-b4ac2e48dd77,Aragon Client Apps review (DTG.P2.M6.N35),,aakansha.eth,0x06A1E83832aD7De314b4f82EfbC9591D0670A1e2,8ba60052-2213-4cfb-8443-ff1b9c61de1a,Aragon Technical Documentation,300,2022-08-17 12:48:24,USDC,0xA0b86991c6218b36c1d19D4a2e9Eb0cE3606eB48,0xbc4784ca0e770abb0a82778e9c71acd88da3583fa2cab8594e7ddac9a2fdb97c,0xecc68ada5aa8b56fe2412135c5604089f5134f001412008fa1c756d1f0c56576
97718e27-47fa-49f7-8a83-ea62d693eb29,DTG.P2.M5.N2 10% ANT,,aakansha.eth,0x06A1E83832aD7De314b4f82EfbC9591D0670A1e2,23383847-d1ae-4b41-99db-9eb3da4e7cc0,dTech Creator Gigs,38.22,2022-07-12 8:45:40,ANT,0xa117000000f279D81A1D3cc75430fAA017FA5A2e,0xd0f8eaf53183aab05430cdd46d45b35cba63e6549b51dfda975f4b30c3b135b4,0x2837e0f276c39370fb65e5a1ec819b60c41fbd4f2ef5b26d14117b1a0cd1dcfe
0f290061-d39c-4696-a108-b4ac2e48dd77,Aragon Client Apps review (DTG.P2.M6.N35),,aakansha.eth,0x06A1E83832aD7De314b4f82EfbC9591D0670A1e2,8ba60052-2213-4cfb-8443-ff1b9c61de1a,Aragon Technical Documentation,16.75,2022-08-17 12:48:24,ANT,0xa117000000f279D81A1D3cc75430fAA017FA5A2e,0xbc4784ca0e770abb0a82778e9c71acd88da3583fa2cab8594e7ddac9a2fdb97c,0xecc68ada5aa8b56fe2412135c5604089f5134f001412008fa1c756d1f0c56576
d136dc88-eeed-4730-968c-05ab02995660,June Team Development (DTG.P1.M6.N31),,aakansha.eth,0x06A1E83832aD7De314b4f82EfbC9591D0670A1e2,23383847-d1ae-4b41-99db-9eb3da4e7cc0,dTech Creator Gigs,900,2022-07-12 8:43:44,USDC,0x2791Bca1f2de4661ED88A30C99A7a9449Aa84174,0x8f8a41877dac0011196e1a679ee537f39ed17f61acbb93fbd5c44bd4bdb50de5,0x0aaf4a4820eababf01fef47e74008a03cea08ae63308c2adcd370bcbbeca8a42
b368262f-11a8-4a32-ae32-663f92a40f8b,Community review Tech Doc. III Part Dev. (CLI) 1/2 (DTG.P2.M5.N2),,aakansha.eth,0x06A1E83832aD7De314b4f82EfbC9591D0670A1e2,23383847-d1ae-4b41-99db-9eb3da4e7cc0,dTech Creator Gigs,540,2022-07-12 8:43:44,USDC,0x2791Bca1f2de4661ED88A30C99A7a9449Aa84174,0x8f8a41877dac0011196e1a679ee537f39ed17f61acbb93fbd5c44bd4bdb50de5,0x0aaf4a4820eababf01fef47e74008a03cea08ae63308c2adcd370bcbbeca8a42
b3dc49ff-683c-4544-ba06-c0cb583f7adb,Team Development August 2022 3/3 (DTG.S2.M8.N630),,aakansha.eth,0x06A1E83832aD7De314b4f82EfbC9591D0670A1e2,23383847-d1ae-4b41-99db-9eb3da4e7cc0,dTech Creator Gigs,48.39,2022-09-12 15:42:11,ANT,0xa117000000f279D81A1D3cc75430fAA017FA5A2e,0xbd2d19a7316bd626b4b40066298735c2c1b7bed54cdb45cff7a1d3519c96bc41,0x43192d2cd65d516c23294303e433a2c2640e36b558d6996b1d0247ce7fb866fc
a39e4715-b504-47a3-a77b-e4f41e4ac86a,DTG.P1.M6.N31 10% ANT,,aakansha.eth,0x06A1E83832aD7De314b4f82EfbC9591D0670A1e2,23383847-d1ae-4b41-99db-9eb3da4e7cc0,dTech Creator Gigs,63.69,2022-07-12 8:45:40,ANT,0xa117000000f279D81A1D3cc75430fAA017FA5A2e,0xd0f8eaf53183aab05430cdd46d45b35cba63e6549b51dfda975f4b30c3b135b4,0x2837e0f276c39370fb65e5a1ec819b60c41fbd4f2ef5b26d14117b1a0cd1dcfe
b3dc49ff-683c-4544-ba06-c0cb583f7adb,Team Development August 2022 3/3 (DTG.S2.M8.N630),,aakansha.eth,0x06A1E83832aD7De314b4f82EfbC9591D0670A1e2,23383847-d1ae-4b41-99db-9eb3da4e7cc0,dTech Creator Gigs,810,2022-09-12 15:42:11,USDC,0xA0b86991c6218b36c1d19D4a2e9Eb0cE3606eB48,0xbd2d19a7316bd626b4b40066298735c2c1b7bed54cdb45cff7a1d3519c96bc41,0x43192d2cd65d516c23294303e433a2c2640e36b558d6996b1d0247ce7fb866fc
a8edc73a-57d2-48dc-af01-a6d88d3eb03f,Contributor 2 coordinape percentage (DTG.P1.M7.N473),,aakansha.eth,0x06A1E83832aD7De314b4f82EfbC9591D0670A1e2,23383847-d1ae-4b41-99db-9eb3da4e7cc0,dTech Creator Gigs,50.25,2022-08-17 12:48:24,ANT,0xa117000000f279D81A1D3cc75430fAA017FA5A2e,0xbc4784ca0e770abb0a82778e9c71acd88da3583fa2cab8594e7ddac9a2fdb97c,0xecc68ada5aa8b56fe2412135c5604089f5134f001412008fa1c756d1f0c56576
a8edc73a-57d2-48dc-af01-a6d88d3eb03f,Contributor 2 coordinape percentage (DTG.P1.M7.N473),,aakansha.eth,0x06A1E83832aD7De314b4f82EfbC9591D0670A1e2,23383847-d1ae-4b41-99db-9eb3da4e7cc0,dTech Creator Gigs,900,2022-08-17 12:48:24,USDC,0xA0b86991c6218b36c1d19D4a2e9Eb0cE3606eB48,0xbc4784ca0e770abb0a82778e9c71acd88da3583fa2cab8594e7ddac9a2fdb97c,0xecc68ada5aa8b56fe2412135c5604089f5134f001412008fa1c756d1f0c56576
3cd60efb-8d97-4cec-a636-e0308dd2bc54,"Content Bounty - ""How To Guide's""",,Teafeh??,0xc679ae22b817d88B060637B466f8FbC364B5D0aA,ef7c1446-66d2-4b8c-a7f3-b10f629447d3,Growth Squad Bounties,40.2,2022-08-17 12:48:24,ANT,0xa117000000f279D81A1D3cc75430fAA017FA5A2e,0xbc4784ca0e770abb0a82778e9c71acd88da3583fa2cab8594e7ddac9a2fdb97c,0xecc68ada5aa8b56fe2412135c5604089f5134f001412008fa1c756d1f0c56576
3cd60efb-8d97-4cec-a636-e0308dd2bc54,"Content Bounty - ""How To Guide's""",,Teafeh??,0xc679ae22b817d88B060637B466f8FbC364B5D0aA,ef7c1446-66d2-4b8c-a7f3-b10f629447d3,Growth Squad Bounties,720.14,2022-08-17 12:48:24,USDC,0xA0b86991c6218b36c1d19D4a2e9Eb0cE3606eB48,0xbc4784ca0e770abb0a82778e9c71acd88da3583fa2cab8594e7ddac9a2fdb97c,0xecc68ada5aa8b56fe2412135c5604089f5134f001412008fa1c756d1f0c56576
1b6501fd-8431-47ac-b22f-195e7c1c9794,AUG Knowledge Base _Library Tech II,,ifun,0x51d93270eA1aD2ad0506c3BE61523823400E114C,dced4009-2ada-45cb-84cb-f5c228e0a3b0,dGov Creator Gigs,18.82,2022-09-12 11:46:53,ANT,0xa117000000f279D81A1D3cc75430fAA017FA5A2e,0xb18cbdb3e0833e3021ac3289bc571cf2d43542bd695bfebc59811571d3f416e4,0x95726e594d443af7de29512fc23fb89e0c0aada041357a60ef8ea138502fcbad
1b6501fd-8431-47ac-b22f-195e7c1c9794,AUG Knowledge Base _Library Tech II,,ifun,0x51d93270eA1aD2ad0506c3BE61523823400E114C,dced4009-2ada-45cb-84cb-f5c228e0a3b0,dGov Creator Gigs,315,2022-09-12 11:46:53,USDC,0xA0b86991c6218b36c1d19D4a2e9Eb0cE3606eB48,0xb18cbdb3e0833e3021ac3289bc571cf2d43542bd695bfebc59811571d3f416e4,0x95726e594d443af7de29512fc23fb89e0c0aada041357a60ef8ea138502fcbad
f33a62dc-91b8-4543-ae8c-9d9cf2452b80,"Translation of ""DAOs as Purpose-Led Organizations"" article to Russian",2,Openlake,0xf1AC23b5Ee73708FF730c6DF2F5decB9a32DD3f0,4e848cab-08db-4fd2-9110-b6540b34eee4,Operations Guild's Creator Gigs,180,2022-06-19 13:34:10,USDC,0xA0b86991c6218b36c1d19D4a2e9Eb0cE3606eB48,0xda932fd3af8a8c41ba79666909a63fcf4af055e60614b032ce31290a44097028,0x43ef30e1b11fe15c7f2cb27eaf3eeb9ba74e376aeb1e7dd4b43b99ebfbba4a4c
96ae7f3c-784b-4162-8bb4-c1797d7c668d,ANT,,Openlake,0xf1AC23b5Ee73708FF730c6DF2F5decB9a32DD3f0,4e848cab-08db-4fd2-9110-b6540b34eee4,Operations Guild's Creator Gigs,15.04,2022-06-19 13:34:10,ANT,0xa117000000f279D81A1D3cc75430fAA017FA5A2e,0xda932fd3af8a8c41ba79666909a63fcf4af055e60614b032ce31290a44097028,0x43ef30e1b11fe15c7f2cb27eaf3eeb9ba74e376aeb1e7dd4b43b99ebfbba4a4c
66f87661-b46d-4b45-8d78-892772079e45,June Governance Process Communication Support (Copy),,BryanMutai,0xE27F2E8321Fb4c32525a4ED86d2902dbA63491E4,dced4009-2ada-45cb-84cb-f5c228e0a3b0,dGov Creator Gigs,31.85,2022-07-12 8:45:40,ANT,0xa117000000f279D81A1D3cc75430fAA017FA5A2e,0xd0f8eaf53183aab05430cdd46d45b35cba63e6549b51dfda975f4b30c3b135b4,0x2837e0f276c39370fb65e5a1ec819b60c41fbd4f2ef5b26d14117b1a0cd1dcfe
d9ca3828-986f-4d8a-a450-9abf0770f108,June Governance Process Communication Support,,BryanMutai,0xE27F2E8321Fb4c32525a4ED86d2902dbA63491E4,dced4009-2ada-45cb-84cb-f5c228e0a3b0,dGov Creator Gigs,450,2022-07-12 8:43:44,USDC,0x2791Bca1f2de4661ED88A30C99A7a9449Aa84174,0x8f8a41877dac0011196e1a679ee537f39ed17f61acbb93fbd5c44bd4bdb50de5,0x0aaf4a4820eababf01fef47e74008a03cea08ae63308c2adcd370bcbbeca8a42
2a7351e2-cb40-44f6-8f86-3c95bb87da54,JULY Delegate Voting Parameters Forum Posts,,ZeptimusQ,0x4d5Dd4d81D773c05cE27AbA03e2f3E346c3F8E54,dced4009-2ada-45cb-84cb-f5c228e0a3b0,dGov Creator Gigs,,2022-07-29 13:11:56,ANT,0xa117000000f279D81A1D3cc75430fAA017FA5A2e,,
2a7351e2-cb40-44f6-8f86-3c95bb87da54,JULY Delegate Voting Parameters Forum Posts,,ZeptimusQ,0x4d5Dd4d81D773c05cE27AbA03e2f3E346c3F8E54,dced4009-2ada-45cb-84cb-f5c228e0a3b0,dGov Creator Gigs,,2022-07-29 13:11:56,USDC,0xA0b86991c6218b36c1d19D4a2e9Eb0cE3606eB48,,
ea7f0f6c-bbe2-4e3d-82c3-fb9592969ddf,"Fast check Tech Doc. V Part Dev. - Apps, API, ACL, UI  (DTG.P2.M6.N348)",,Carla78,0x6290D92321bD02f725e65633CbDdbda6205253fe,8ba60052-2213-4cfb-8443-ff1b9c61de1a,Aragon Technical Documentation,180,2022-07-12 8:43:44,USDC,0x2791Bca1f2de4661ED88A30C99A7a9449Aa84174,0x8f8a41877dac0011196e1a679ee537f39ed17f61acbb93fbd5c44bd4bdb50de5,0x0aaf4a4820eababf01fef47e74008a03cea08ae63308c2adcd370bcbbeca8a42
465ce23a-e777-4ec9-b3a7-d3269ee5af80,Review/ Test Tech Doc. IV Part Dev (Govern + Vocdoni) (DTG.P2.M5.N9),,Carla78,0x6290D92321bD02f725e65633CbDdbda6205253fe,8ba60052-2213-4cfb-8443-ff1b9c61de1a,Aragon Technical Documentation,504,2022-07-21 16:56:35,USDC,0xA0b86991c6218b36c1d19D4a2e9Eb0cE3606eB48,0xf392edd006dc57361b191e66cb3d1e4dcc5b5b044c168c4d979e44ddfd0b7420,0xd7356c81e95d55964bd10e46fd594682f0affc65a38b80101bf3fca518ac1476
ecdfcbd5-6793-4590-ad66-f6fb8b3489d2,DTG.P2.M6.N40 10% ANT,,Carla78,0x6290D92321bD02f725e65633CbDdbda6205253fe,8ba60052-2213-4cfb-8443-ff1b9c61de1a,Aragon Technical Documentation,20.38,2022-07-12 8:45:40,ANT,0xa117000000f279D81A1D3cc75430fAA017FA5A2e,0xd0f8eaf53183aab05430cdd46d45b35cba63e6549b51dfda975f4b30c3b135b4,0x2837e0f276c39370fb65e5a1ec819b60c41fbd4f2ef5b26d14117b1a0cd1dcfe
6864a2da-5be9-46e0-a4ad-47be2cb062a0,DTG.P2.M5.N6 10% ANT,,Carla78,0x6290D92321bD02f725e65633CbDdbda6205253fe,8ba60052-2213-4cfb-8443-ff1b9c61de1a,Aragon Technical Documentation,61.15,2022-07-12 8:45:40,ANT,0xa117000000f279D81A1D3cc75430fAA017FA5A2e,0xd0f8eaf53183aab05430cdd46d45b35cba63e6549b51dfda975f4b30c3b135b4,0x2837e0f276c39370fb65e5a1ec819b60c41fbd4f2ef5b26d14117b1a0cd1dcfe
56060365-38dd-4ab8-b78b-06214219a687,"Importing Tech Doc. V Part Dev. - Apps, API, ACL, UI (DTG.P2.M5.N6)",,Carla78,0x6290D92321bD02f725e65633CbDdbda6205253fe,8ba60052-2213-4cfb-8443-ff1b9c61de1a,Aragon Technical Documentation,864,2022-07-12 8:43:44,USDC,0x2791Bca1f2de4661ED88A30C99A7a9449Aa84174,0x8f8a41877dac0011196e1a679ee537f39ed17f61acbb93fbd5c44bd4bdb50de5,0x0aaf4a4820eababf01fef47e74008a03cea08ae63308c2adcd370bcbbeca8a42
3aa55771-f537-4ec4-94c5-ef3fc3eb8254,DTG.P2.M6.N348 10% ANT,,Carla78,0x6290D92321bD02f725e65633CbDdbda6205253fe,8ba60052-2213-4cfb-8443-ff1b9c61de1a,Aragon Technical Documentation,12.74,2022-07-12 8:45:40,ANT,0xa117000000f279D81A1D3cc75430fAA017FA5A2e,0xd0f8eaf53183aab05430cdd46d45b35cba63e6549b51dfda975f4b30c3b135b4,0x2837e0f276c39370fb65e5a1ec819b60c41fbd4f2ef5b26d14117b1a0cd1dcfe
aafaed94-e6d5-4fdf-b962-6bb4f9219b6a,AI Translation Fundamentals + Aragon Client Docs into French (DTG.P2.M6.N40),,Carla78,0x6290D92321bD02f725e65633CbDdbda6205253fe,8ba60052-2213-4cfb-8443-ff1b9c61de1a,Aragon Technical Documentation,288,2022-07-12 8:43:44,USDC,0x2791Bca1f2de4661ED88A30C99A7a9449Aa84174,0x8f8a41877dac0011196e1a679ee537f39ed17f61acbb93fbd5c44bd4bdb50de5,0x0aaf4a4820eababf01fef47e74008a03cea08ae63308c2adcd370bcbbeca8a42
465ce23a-e777-4ec9-b3a7-d3269ee5af80,Review/ Test Tech Doc. IV Part Dev (Govern + Vocdoni) (DTG.P2.M5.N9),,Carla78,0x6290D92321bD02f725e65633CbDdbda6205253fe,8ba60052-2213-4cfb-8443-ff1b9c61de1a,Aragon Technical Documentation,32,2022-07-21 16:56:35,ANT,0xa117000000f279D81A1D3cc75430fAA017FA5A2e,0xf392edd006dc57361b191e66cb3d1e4dcc5b5b044c168c4d979e44ddfd0b7420,0xd7356c81e95d55964bd10e46fd594682f0affc65a38b80101bf3fca518ac1476
0439885e-ddb8-448f-a0fb-b421e4bcfa7e,AUG TAO Voting Documentation 1/2,,Carla78,0x6290D92321bD02f725e65633CbDdbda6205253fe,dced4009-2ada-45cb-84cb-f5c228e0a3b0,dGov Creator Gigs,13.44,2022-09-12 11:46:53,ANT,0xa117000000f279D81A1D3cc75430fAA017FA5A2e,0xb18cbdb3e0833e3021ac3289bc571cf2d43542bd695bfebc59811571d3f416e4,0x95726e594d443af7de29512fc23fb89e0c0aada041357a60ef8ea138502fcbad
07feae01-7698-44d8-87d7-716ec8387808,AI Translation Fundamentals + Aragon Client Docs into Español (DTG.P2.M6.N38),,Carla78,0x6290D92321bD02f725e65633CbDdbda6205253fe,8ba60052-2213-4cfb-8443-ff1b9c61de1a,Aragon Technical Documentation,288,2022-07-12 8:43:44,USDC,0x2791Bca1f2de4661ED88A30C99A7a9449Aa84174,0x8f8a41877dac0011196e1a679ee537f39ed17f61acbb93fbd5c44bd4bdb50de5,0x0aaf4a4820eababf01fef47e74008a03cea08ae63308c2adcd370bcbbeca8a42
0439885e-ddb8-448f-a0fb-b421e4bcfa7e,AUG TAO Voting Documentation 1/2,,Carla78,0x6290D92321bD02f725e65633CbDdbda6205253fe,dced4009-2ada-45cb-84cb-f5c228e0a3b0,dGov Creator Gigs,225,2022-09-12 11:46:53,USDC,0xA0b86991c6218b36c1d19D4a2e9Eb0cE3606eB48,0xb18cbdb3e0833e3021ac3289bc571cf2d43542bd695bfebc59811571d3f416e4,0x95726e594d443af7de29512fc23fb89e0c0aada041357a60ef8ea138502fcbad
5d1a12a2-e9ca-4873-848a-51cabdaab86b,Creating Visual Docs - VideoGIF 'How to add a testnet on MetaMask wallet' (DTG.P2.M7.N478),,Carla78,0x6290D92321bD02f725e65633CbDdbda6205253fe,8ba60052-2213-4cfb-8443-ff1b9c61de1a,Aragon Technical Documentation,45,2022-08-17 12:48:24,USDC,0xA0b86991c6218b36c1d19D4a2e9Eb0cE3606eB48,0xbc4784ca0e770abb0a82778e9c71acd88da3583fa2cab8594e7ddac9a2fdb97c,0xecc68ada5aa8b56fe2412135c5604089f5134f001412008fa1c756d1f0c56576
5d1a12a2-e9ca-4873-848a-51cabdaab86b,Creating Visual Docs - VideoGIF 'How to add a testnet on MetaMask wallet' (DTG.P2.M7.N478),,Carla78,0x6290D92321bD02f725e65633CbDdbda6205253fe,8ba60052-2213-4cfb-8443-ff1b9c61de1a,Aragon Technical Documentation,2.51,2022-08-17 12:48:24,ANT,0xa117000000f279D81A1D3cc75430fAA017FA5A2e,0xbc4784ca0e770abb0a82778e9c71acd88da3583fa2cab8594e7ddac9a2fdb97c,0xecc68ada5aa8b56fe2412135c5604089f5134f001412008fa1c756d1f0c56576
971f328c-f767-43dc-96d7-3f930a2da16f,DTG.P2.M6.N38 10% ANT,,Carla78,0x6290D92321bD02f725e65633CbDdbda6205253fe,8ba60052-2213-4cfb-8443-ff1b9c61de1a,Aragon Technical Documentation,20.38,2022-07-12 8:45:40,ANT,0xa117000000f279D81A1D3cc75430fAA017FA5A2e,0xd0f8eaf53183aab05430cdd46d45b35cba63e6549b51dfda975f4b30c3b135b4,0x2837e0f276c39370fb65e5a1ec819b60c41fbd4f2ef5b26d14117b1a0cd1dcfe
0509946d-9977-4261-bf6a-d77a1ad4e29b,Creating Visual Docs - VideoGIF (DTG.P2.M6.N37),,Carla78,0x6290D92321bD02f725e65633CbDdbda6205253fe,8ba60052-2213-4cfb-8443-ff1b9c61de1a,Aragon Technical Documentation,90,2022-08-17 12:48:24,USDC,0xA0b86991c6218b36c1d19D4a2e9Eb0cE3606eB48,0xbc4784ca0e770abb0a82778e9c71acd88da3583fa2cab8594e7ddac9a2fdb97c,0xecc68ada5aa8b56fe2412135c5604089f5134f001412008fa1c756d1f0c56576
0509946d-9977-4261-bf6a-d77a1ad4e29b,Creating Visual Docs - VideoGIF (DTG.P2.M6.N37),,Carla78,0x6290D92321bD02f725e65633CbDdbda6205253fe,8ba60052-2213-4cfb-8443-ff1b9c61de1a,Aragon Technical Documentation,5.03,2022-08-17 12:48:24,ANT,0xa117000000f279D81A1D3cc75430fAA017FA5A2e,0xbc4784ca0e770abb0a82778e9c71acd88da3583fa2cab8594e7ddac9a2fdb97c,0xecc68ada5aa8b56fe2412135c5604089f5134f001412008fa1c756d1f0c56576
120dadd1-1499-4a72-833e-4305f2ce956a,ANT,,supermaria,0xBf34184EBf6c2FB935d7b44AAE17d418652B6686,4e848cab-08db-4fd2-9110-b6540b34eee4,Operations Guild's Creator Gigs,15.04,2022-06-19 13:34:10,ANT,0xa117000000f279D81A1D3cc75430fAA017FA5A2e,0xda932fd3af8a8c41ba79666909a63fcf4af055e60614b032ce31290a44097028,0x43ef30e1b11fe15c7f2cb27eaf3eeb9ba74e376aeb1e7dd4b43b99ebfbba4a4c
f05913a6-20ea-4a27-99e8-234ad3c3d95b,"Translation of ""DAOs as Purpose-Led Organizations"" article to Ukrainian",2,supermaria,0xBf34184EBf6c2FB935d7b44AAE17d418652B6686,4e848cab-08db-4fd2-9110-b6540b34eee4,Operations Guild's Creator Gigs,180,2022-06-19 13:34:10,USDC,0xA0b86991c6218b36c1d19D4a2e9Eb0cE3606eB48,0xda932fd3af8a8c41ba79666909a63fcf4af055e60614b032ce31290a44097028,0x43ef30e1b11fe15c7f2cb27eaf3eeb9ba74e376aeb1e7dd4b43b99ebfbba4a4c
e2474b29-5b99-4485-9035-340794aafc7f,ANT,,grasshopper239,0xE97E27615Ab47aF86db5De70e80DcA7241A7DaBC,4e848cab-08db-4fd2-9110-b6540b34eee4,Operations Guild's Creator Gigs,19.11,2022-07-12 8:45:40,ANT,0xa117000000f279D81A1D3cc75430fAA017FA5A2e,0xd0f8eaf53183aab05430cdd46d45b35cba63e6549b51dfda975f4b30c3b135b4,0x2837e0f276c39370fb65e5a1ec819b60c41fbd4f2ef5b26d14117b1a0cd1dcfe
6dc57353-7d3c-4ae7-a29e-e9db974d5186,Data labelling 50 DAOs built on Aragon Client,,grasshopper239,0xE97E27615Ab47aF86db5De70e80DcA7241A7DaBC,4e848cab-08db-4fd2-9110-b6540b34eee4,Operations Guild's Creator Gigs,270,2022-07-12 8:43:44,USDC,0x2791Bca1f2de4661ED88A30C99A7a9449Aa84174,0x8f8a41877dac0011196e1a679ee537f39ed17f61acbb93fbd5c44bd4bdb50de5,0x0aaf4a4820eababf01fef47e74008a03cea08ae63308c2adcd370bcbbeca8a42
ed30cd47-7e86-4efe-bb87-de90231ef858,Reddit Moderator Bounty,,chidi,0xa9A94e4718c045CCdf94266403aF4aDD53A2fD15,ef7c1446-66d2-4b8c-a7f3-b10f629447d3,Growth Squad Bounties,,2022-07-29 13:11:56,ANT,0xa117000000f279D81A1D3cc75430fAA017FA5A2e,,
ed30cd47-7e86-4efe-bb87-de90231ef858,Reddit Moderator Bounty,,chidi,0xa9A94e4718c045CCdf94266403aF4aDD53A2fD15,ef7c1446-66d2-4b8c-a7f3-b10f629447d3,Growth Squad Bounties,,2022-07-29 13:11:56,USDC,0xA0b86991c6218b36c1d19D4a2e9Eb0cE3606eB48,,
913cb4db-2768-45de-b047-fd10709a22a6,AUG Knowledge Bases (4)_Library Tech I,,iamcraftyarl,0xEAE65c628996F47914f37937d7bDDbCCB53f8FC2,dced4009-2ada-45cb-84cb-f5c228e0a3b0,dGov Creator Gigs,135,2022-09-12 11:46:53,USDC,0xA0b86991c6218b36c1d19D4a2e9Eb0cE3606eB48,0xb18cbdb3e0833e3021ac3289bc571cf2d43542bd695bfebc59811571d3f416e4,0x95726e594d443af7de29512fc23fb89e0c0aada041357a60ef8ea138502fcbad
913cb4db-2768-45de-b047-fd10709a22a6,AUG Knowledge Bases (4)_Library Tech I,,iamcraftyarl,0xEAE65c628996F47914f37937d7bDDbCCB53f8FC2,dced4009-2ada-45cb-84cb-f5c228e0a3b0,dGov Creator Gigs,8.06,2022-09-12 11:46:53,ANT,0xa117000000f279D81A1D3cc75430fAA017FA5A2e,0xb18cbdb3e0833e3021ac3289bc571cf2d43542bd695bfebc59811571d3f416e4,0x95726e594d443af7de29512fc23fb89e0c0aada041357a60ef8ea138502fcbad
44ecdc3c-24bd-4df8-ab5f-f3350b3952f5,ANT,,DUMBRED,0xBA26BffF2D0677110BE96f3d70d5cAF5D45E6ff0,4e848cab-08db-4fd2-9110-b6540b34eee4,Operations Guild's Creator Gigs,15.04,2022-06-19 13:34:10,ANT,0xa117000000f279D81A1D3cc75430fAA017FA5A2e,0xda932fd3af8a8c41ba79666909a63fcf4af055e60614b032ce31290a44097028,0x43ef30e1b11fe15c7f2cb27eaf3eeb9ba74e376aeb1e7dd4b43b99ebfbba4a4c
18f01138-4759-476e-b6b0-394e89c20ecf,"Translation of ""How to DAO: Answers for Beginners"" article to Ukrainian",2,DUMBRED,0xBA26BffF2D0677110BE96f3d70d5cAF5D45E6ff0,4e848cab-08db-4fd2-9110-b6540b34eee4,Operations Guild's Creator Gigs,180,2022-06-19 13:34:10,USDC,0xA0b86991c6218b36c1d19D4a2e9Eb0cE3606eB48,0xda932fd3af8a8c41ba79666909a63fcf4af055e60614b032ce31290a44097028,0x43ef30e1b11fe15c7f2cb27eaf3eeb9ba74e376aeb1e7dd4b43b99ebfbba4a4c
b2cb5b4d-ea97-46a6-bd5d-7e0f5dabeb07,ANT,,Burber.Sergiy,0x80e8caE452aFfd226aB8Da98BA0137F358e7d67B,4e848cab-08db-4fd2-9110-b6540b34eee4,Operations Guild's Creator Gigs,15.04,2022-06-19 13:34:10,ANT,0xa117000000f279D81A1D3cc75430fAA017FA5A2e,0xda932fd3af8a8c41ba79666909a63fcf4af055e60614b032ce31290a44097028,0x43ef30e1b11fe15c7f2cb27eaf3eeb9ba74e376aeb1e7dd4b43b99ebfbba4a4c
4021d646-ab3b-40bb-b8c2-35fe28837ef4,"Translation of ""What is a DAO?"" article to Russian",2,Burber.Sergiy,0x80e8caE452aFfd226aB8Da98BA0137F358e7d67B,4e848cab-08db-4fd2-9110-b6540b34eee4,Operations Guild's Creator Gigs,180,2022-06-19 13:34:10,USDC,0xA0b86991c6218b36c1d19D4a2e9Eb0cE3606eB48,0xda932fd3af8a8c41ba79666909a63fcf4af055e60614b032ce31290a44097028,0x43ef30e1b11fe15c7f2cb27eaf3eeb9ba74e376aeb1e7dd4b43b99ebfbba4a4c
a16fafcb-8818-4549-96a4-5840ba16df2c,Wrapping BTC --> wBTC,,ricktik6,0xDacf1065b12849298dc5B47EcE9553094000074F,e2719687-3d93-4f11-b251-d30db200b16d,Finance Squad ,,2022-08-17 12:48:24,USDC,0xA0b86991c6218b36c1d19D4a2e9Eb0cE3606eB48,,
0e38285c-6775-468e-bbbb-b0d29ad521c0,May June dGov Coordinape (Copy),,ricktik6,0xDacf1065b12849298dc5B47EcE9553094000074F,dced4009-2ada-45cb-84cb-f5c228e0a3b0,dGov Creator Gigs,,2022-07-12 8:45:40,ANT,0xa117000000f279D81A1D3cc75430fAA017FA5A2e,,
b3eb3b4a-9537-44ce-9293-53fb4bc61693,ANT,,ricktik6,0xDacf1065b12849298dc5B47EcE9553094000074F,e2719687-3d93-4f11-b251-d30db200b16d,Finance Squad ,,2022-07-12 8:45:40,ANT,0xa117000000f279D81A1D3cc75430fAA017FA5A2e,,
32fe6334-583c-4a0e-8592-5a47cdb223e6,ANT,,ricktik6,0xDacf1065b12849298dc5B47EcE9553094000074F,e2719687-3d93-4f11-b251-d30db200b16d,Finance Squad ,,2022-07-12 8:45:40,ANT,0xa117000000f279D81A1D3cc75430fAA017FA5A2e,,
4e345965-eef0-4061-b433-12af41521f33,June Coordinape facilitator,,ricktik6,0xDacf1065b12849298dc5B47EcE9553094000074F,e2719687-3d93-4f11-b251-d30db200b16d,Finance Squad ,,2022-07-12 8:43:44,USDC,0x2791Bca1f2de4661ED88A30C99A7a9449Aa84174,,
be1f4513-2c59-473c-8a56-62d0ada951f5,JULY dGov Community & Advisory Circles,,ricktik6,0xDacf1065b12849298dc5B47EcE9553094000074F,dced4009-2ada-45cb-84cb-f5c228e0a3b0,dGov Creator Gigs,,2022-07-29 13:11:56,USDC,0xA0b86991c6218b36c1d19D4a2e9Eb0cE3606eB48,,
be1f4513-2c59-473c-8a56-62d0ada951f5,JULY dGov Community & Advisory Circles,,ricktik6,0xDacf1065b12849298dc5B47EcE9553094000074F,dced4009-2ada-45cb-84cb-f5c228e0a3b0,dGov Creator Gigs,,2022-07-29 13:11:56,ANT,0xa117000000f279D81A1D3cc75430fAA017FA5A2e,,
f059a6fb-81ed-41b4-b27a-868d7dff333c,Implementing expense request process,,ricktik6,0xDacf1065b12849298dc5B47EcE9553094000074F,e2719687-3d93-4f11-b251-d30db200b16d,Finance Squad ,,2022-07-29 13:11:56,USDC,0xA0b86991c6218b36c1d19D4a2e9Eb0cE3606eB48,,
f059a6fb-81ed-41b4-b27a-868d7dff333c,Implementing expense request process,,ricktik6,0xDacf1065b12849298dc5B47EcE9553094000074F,e2719687-3d93-4f11-b251-d30db200b16d,Finance Squad ,,2022-07-29 13:11:56,ANT,0xa117000000f279D81A1D3cc75430fAA017FA5A2e,,
870ec995-b23e-49b6-8826-63de4f71f9fe,ANT,,ricktik6,0xDacf1065b12849298dc5B47EcE9553094000074F,e2719687-3d93-4f11-b251-d30db200b16d,Finance Squad ,,2022-06-16 13:01:50,ANT,0xa117000000f279D81A1D3cc75430fAA017FA5A2e,,
53e70ac8-e9ac-4203-8a6e-2c777721b645,May June dGov Coordinape,,ricktik6,0xDacf1065b12849298dc5B47EcE9553094000074F,dced4009-2ada-45cb-84cb-f5c228e0a3b0,dGov Creator Gigs,,2022-07-12 8:43:44,USDC,0x2791Bca1f2de4661ED88A30C99A7a9449Aa84174,,
a16fafcb-8818-4549-96a4-5840ba16df2c,Wrapping BTC --> wBTC,,ricktik6,0xDacf1065b12849298dc5B47EcE9553094000074F,e2719687-3d93-4f11-b251-d30db200b16d,Finance Squad ,,2022-08-17 12:48:24,ANT,0xa117000000f279D81A1D3cc75430fAA017FA5A2e,,
8ccf9c07-a775-4956-be1b-46eb51fbb558,July Coordinape facilitator,,ricktik6,0xDacf1065b12849298dc5B47EcE9553094000074F,e2719687-3d93-4f11-b251-d30db200b16d,Finance Squad ,,2022-07-29 13:11:56,ANT,0xa117000000f279D81A1D3cc75430fAA017FA5A2e,,
8ccf9c07-a775-4956-be1b-46eb51fbb558,July Coordinape facilitator,,ricktik6,0xDacf1065b12849298dc5B47EcE9553094000074F,e2719687-3d93-4f11-b251-d30db200b16d,Finance Squad ,,2022-07-29 13:11:56,USDC,0xA0b86991c6218b36c1d19D4a2e9Eb0cE3606eB48,,
f330526f-3bf8-4f19-8f45-4c35cfb67a9f,May Coordinape facilitator,,ricktik6,0xDacf1065b12849298dc5B47EcE9553094000074F,e2719687-3d93-4f11-b251-d30db200b16d,Finance Squad ,,2022-06-16 12:58:31,USDC,0x2791Bca1f2de4661ED88A30C99A7a9449Aa84174,,
9dd4b263-e47b-4af3-b0ac-e6f5d9583ad0,"June: Implementing a new payment tool, before end of S1",,ricktik6,0xDacf1065b12849298dc5B47EcE9553094000074F,e2719687-3d93-4f11-b251-d30db200b16d,Finance Squad ,,2022-07-12 8:43:44,USDC,0x2791Bca1f2de4661ED88A30C99A7a9449Aa84174,,
a2776880-8156-478b-958f-7d3d96dfb8d3,June Campfire #1 Lead,,Incandenza,0x91bfd8A63e1ae35AaaF44420a169F46dcE74d138,dced4009-2ada-45cb-84cb-f5c228e0a3b0,dGov Creator Gigs,225,2022-07-12 8:43:44,USDC,0x2791Bca1f2de4661ED88A30C99A7a9449Aa84174,0x8f8a41877dac0011196e1a679ee537f39ed17f61acbb93fbd5c44bd4bdb50de5,0x0aaf4a4820eababf01fef47e74008a03cea08ae63308c2adcd370bcbbeca8a42
cd0a3852-399f-42e2-accd-dff606e423ab,AUG dGov Param Debates Facilitators,,Incandenza,0x91bfd8A63e1ae35AaaF44420a169F46dcE74d138,dced4009-2ada-45cb-84cb-f5c228e0a3b0,dGov Creator Gigs,675,2022-09-12 11:46:53,USDC,0xA0b86991c6218b36c1d19D4a2e9Eb0cE3606eB48,0xb18cbdb3e0833e3021ac3289bc571cf2d43542bd695bfebc59811571d3f416e4,0x95726e594d443af7de29512fc23fb89e0c0aada041357a60ef8ea138502fcbad
cd0a3852-399f-42e2-accd-dff606e423ab,AUG dGov Param Debates Facilitators,,Incandenza,0x91bfd8A63e1ae35AaaF44420a169F46dcE74d138,dced4009-2ada-45cb-84cb-f5c228e0a3b0,dGov Creator Gigs,40.32,2022-09-12 11:46:53,ANT,0xa117000000f279D81A1D3cc75430fAA017FA5A2e,0xb18cbdb3e0833e3021ac3289bc571cf2d43542bd695bfebc59811571d3f416e4,0x95726e594d443af7de29512fc23fb89e0c0aada041357a60ef8ea138502fcbad
eda0dcb5-4d6b-4290-b739-4730ae120e33,AUG dGov Workshop Debrief,,Incandenza,0x91bfd8A63e1ae35AaaF44420a169F46dcE74d138,dced4009-2ada-45cb-84cb-f5c228e0a3b0,dGov Creator Gigs,13.44,2022-09-12 11:46:53,ANT,0xa117000000f279D81A1D3cc75430fAA017FA5A2e,0xb18cbdb3e0833e3021ac3289bc571cf2d43542bd695bfebc59811571d3f416e4,0x95726e594d443af7de29512fc23fb89e0c0aada041357a60ef8ea138502fcbad
2a54b547-6e89-4241-8906-b4dadfaf071f,June Campfire #1 Lead (Copy),,Incandenza,0x91bfd8A63e1ae35AaaF44420a169F46dcE74d138,dced4009-2ada-45cb-84cb-f5c228e0a3b0,dGov Creator Gigs,15.92,2022-07-12 8:45:40,ANT,0xa117000000f279D81A1D3cc75430fAA017FA5A2e,0xd0f8eaf53183aab05430cdd46d45b35cba63e6549b51dfda975f4b30c3b135b4,0x2837e0f276c39370fb65e5a1ec819b60c41fbd4f2ef5b26d14117b1a0cd1dcfe
eda0dcb5-4d6b-4290-b739-4730ae120e33,AUG dGov Workshop Debrief,,Incandenza,0x91bfd8A63e1ae35AaaF44420a169F46dcE74d138,dced4009-2ada-45cb-84cb-f5c228e0a3b0,dGov Creator Gigs,225,2022-09-12 11:46:53,USDC,0xA0b86991c6218b36c1d19D4a2e9Eb0cE3606eB48,0xb18cbdb3e0833e3021ac3289bc571cf2d43542bd695bfebc59811571d3f416e4,0x95726e594d443af7de29512fc23fb89e0c0aada041357a60ef8ea138502fcbad
08d634e9-750f-478a-a80c-10ddb1f14f72,DTG.P2.M5.N3 10% ANT,,SoulGenesis,0xfbD8eb2aAd1cbFca38E33917B0CD70981172bf1B,23383847-d1ae-4b41-99db-9eb3da4e7cc0,dTech Creator Gigs,38.22,2022-07-12 8:45:40,ANT,0xa117000000f279D81A1D3cc75430fAA017FA5A2e,0xd0f8eaf53183aab05430cdd46d45b35cba63e6549b51dfda975f4b30c3b135b4,0x2837e0f276c39370fb65e5a1ec819b60c41fbd4f2ef5b26d14117b1a0cd1dcfe
9a5c5764-aceb-40b8-886d-e5faa7c3842a,Community review Tech Doc. III Part Dev. (CLI) 2/2 (DTG.P2.M5.N3),,SoulGenesis,0xfbD8eb2aAd1cbFca38E33917B0CD70981172bf1B,23383847-d1ae-4b41-99db-9eb3da4e7cc0,dTech Creator Gigs,540,2022-07-12 8:43:44,USDC,0x2791Bca1f2de4661ED88A30C99A7a9449Aa84174,0x8f8a41877dac0011196e1a679ee537f39ed17f61acbb93fbd5c44bd4bdb50de5,0x0aaf4a4820eababf01fef47e74008a03cea08ae63308c2adcd370bcbbeca8a42
6b0d887e-d21f-43cb-83b7-a9ec89a2fa7d,AUG Treasury Management Assistance,,Hammad1412,0x22477DfBb4070100DB643Cb18fF6A06A186e9408,a0477907-bc8a-4899-801a-ef23b02cd9dc,Finance Creator Gigs,,2022-09-12 16:32:28,ANT,0xa117000000f279D81A1D3cc75430fAA017FA5A2e,,
6b0d887e-d21f-43cb-83b7-a9ec89a2fa7d,AUG Treasury Management Assistance,,Hammad1412,0x22477DfBb4070100DB643Cb18fF6A06A186e9408,a0477907-bc8a-4899-801a-ef23b02cd9dc,Finance Creator Gigs,,2022-09-12 16:32:28,USDC,0xA0b86991c6218b36c1d19D4a2e9Eb0cE3606eB48,,
f2f2a4cb-aaa5-4029-8860-6d506e32caba,July Treasury Manager (recurring),,Hammad1412,0x22477DfBb4070100DB643Cb18fF6A06A186e9408,e2719687-3d93-4f11-b251-d30db200b16d,Finance Squad ,,2022-07-29 13:11:56,ANT,0xa117000000f279D81A1D3cc75430fAA017FA5A2e,,
f2f2a4cb-aaa5-4029-8860-6d506e32caba,July Treasury Manager (recurring),,Hammad1412,0x22477DfBb4070100DB643Cb18fF6A06A186e9408,e2719687-3d93-4f11-b251-d30db200b16d,Finance Squad ,,2022-07-29 13:11:56,USDC,0xA0b86991c6218b36c1d19D4a2e9Eb0cE3606eB48,,
d970ab4b-4690-4801-94cf-aa223db7bbf4,June Workshops Coordination (Copy),,shawnzywonzie,0xF67825D3bdE95a0Bbb1a063e06D51b79e7061C05,dced4009-2ada-45cb-84cb-f5c228e0a3b0,dGov Creator Gigs,,2022-07-12 8:45:40,ANT,0xa117000000f279D81A1D3cc75430fAA017FA5A2e,,
01d90450-05af-4b22-a411-af502a33d06c,June Workshops Coordination,,shawnzywonzie,0xF67825D3bdE95a0Bbb1a063e06D51b79e7061C05,dced4009-2ada-45cb-84cb-f5c228e0a3b0,dGov Creator Gigs,,2022-07-12 8:43:44,USDC,0x2791Bca1f2de4661ED88A30C99A7a9449Aa84174,,
9b49ad90-bc1d-4216-89b7-166bb3703a32,JULY Workshop,,shawnzywonzie,0xF67825D3bdE95a0Bbb1a063e06D51b79e7061C05,dced4009-2ada-45cb-84cb-f5c228e0a3b0,dGov Creator Gigs,,2022-07-29 13:11:56,USDC,0xA0b86991c6218b36c1d19D4a2e9Eb0cE3606eB48,,
9b49ad90-bc1d-4216-89b7-166bb3703a32,JULY Workshop,,shawnzywonzie,0xF67825D3bdE95a0Bbb1a063e06D51b79e7061C05,dced4009-2ada-45cb-84cb-f5c228e0a3b0,dGov Creator Gigs,,2022-07-29 13:11:56,ANT,0xa117000000f279D81A1D3cc75430fAA017FA5A2e,,
0f290061-d39c-4696-a108-b4ac2e48dd77,Aragon Client Apps review (DTG.P2.M6.N35),,camel,0x4a0a163d6b11B289075e667abf74118EFA4DB999,8ba60052-2213-4cfb-8443-ff1b9c61de1a,Aragon Technical Documentation,16.75,2022-08-17 12:48:24,ANT,0xa117000000f279D81A1D3cc75430fAA017FA5A2e,0xbc4784ca0e770abb0a82778e9c71acd88da3583fa2cab8594e7ddac9a2fdb97c,0xecc68ada5aa8b56fe2412135c5604089f5134f001412008fa1c756d1f0c56576
41caa628-9052-4173-98a9-0b1e8aa6886a,Contributor 3 coordinape percentage (DTG.P1.M7.N473),,camel,0x4a0a163d6b11B289075e667abf74118EFA4DB999,23383847-d1ae-4b41-99db-9eb3da4e7cc0,dTech Creator Gigs,50.25,2022-08-17 12:48:24,ANT,0xa117000000f279D81A1D3cc75430fAA017FA5A2e,0xbc4784ca0e770abb0a82778e9c71acd88da3583fa2cab8594e7ddac9a2fdb97c,0xecc68ada5aa8b56fe2412135c5604089f5134f001412008fa1c756d1f0c56576
0f290061-d39c-4696-a108-b4ac2e48dd77,Aragon Client Apps review (DTG.P2.M6.N35),,camel,0x4a0a163d6b11B289075e667abf74118EFA4DB999,8ba60052-2213-4cfb-8443-ff1b9c61de1a,Aragon Technical Documentation,300,2022-08-17 12:48:24,USDC,0xA0b86991c6218b36c1d19D4a2e9Eb0cE3606eB48,0xbc4784ca0e770abb0a82778e9c71acd88da3583fa2cab8594e7ddac9a2fdb97c,0xecc68ada5aa8b56fe2412135c5604089f5134f001412008fa1c756d1f0c56576
ae3e0f31-23c2-402a-b63c-e69acedc6864,Native speaker Translation Fundamentals + Aragon Client Docs into Español (DTG.P2.M6.N39),,camel,0x4a0a163d6b11B289075e667abf74118EFA4DB999,8ba60052-2213-4cfb-8443-ff1b9c61de1a,Aragon Technical Documentation,450,2022-07-21 16:56:35,USDC,0xA0b86991c6218b36c1d19D4a2e9Eb0cE3606eB48,0xf392edd006dc57361b191e66cb3d1e4dcc5b5b044c168c4d979e44ddfd0b7420,0xd7356c81e95d55964bd10e46fd594682f0affc65a38b80101bf3fca518ac1476
41caa628-9052-4173-98a9-0b1e8aa6886a,Contributor 3 coordinape percentage (DTG.P1.M7.N473),,camel,0x4a0a163d6b11B289075e667abf74118EFA4DB999,23383847-d1ae-4b41-99db-9eb3da4e7cc0,dTech Creator Gigs,900,2022-08-17 12:48:24,USDC,0xA0b86991c6218b36c1d19D4a2e9Eb0cE3606eB48,0xbc4784ca0e770abb0a82778e9c71acd88da3583fa2cab8594e7ddac9a2fdb97c,0xecc68ada5aa8b56fe2412135c5604089f5134f001412008fa1c756d1f0c56576
0cee81ae-3139-4110-a77c-971207adc28c,Team Development August 2022 2/3 (DTG.S2.M8.N629),,camel,0x4a0a163d6b11B289075e667abf74118EFA4DB999,23383847-d1ae-4b41-99db-9eb3da4e7cc0,dTech Creator Gigs,1080,2022-09-12 15:42:11,USDC,0xA0b86991c6218b36c1d19D4a2e9Eb0cE3606eB48,0xbd2d19a7316bd626b4b40066298735c2c1b7bed54cdb45cff7a1d3519c96bc41,0x43192d2cd65d516c23294303e433a2c2640e36b558d6996b1d0247ce7fb866fc
ae3e0f31-23c2-402a-b63c-e69acedc6864,Native speaker Translation Fundamentals + Aragon Client Docs into Español (DTG.P2.M6.N39),,camel,0x4a0a163d6b11B289075e667abf74118EFA4DB999,8ba60052-2213-4cfb-8443-ff1b9c61de1a,Aragon Technical Documentation,28.57,2022-07-21 16:56:35,ANT,0xa117000000f279D81A1D3cc75430fAA017FA5A2e,0xf392edd006dc57361b191e66cb3d1e4dcc5b5b044c168c4d979e44ddfd0b7420,0xd7356c81e95d55964bd10e46fd594682f0affc65a38b80101bf3fca518ac1476
0cee81ae-3139-4110-a77c-971207adc28c,Team Development August 2022 2/3 (DTG.S2.M8.N629),,camel,0x4a0a163d6b11B289075e667abf74118EFA4DB999,23383847-d1ae-4b41-99db-9eb3da4e7cc0,dTech Creator Gigs,64.52,2022-09-12 15:42:11,ANT,0xa117000000f279D81A1D3cc75430fAA017FA5A2e,0xbd2d19a7316bd626b4b40066298735c2c1b7bed54cdb45cff7a1d3519c96bc41,0x43192d2cd65d516c23294303e433a2c2640e36b558d6996b1d0247ce7fb866fc
aaf279f3-8bda-4e49-ac65-e473a64eb62c,DTG.P1.M5.N10 ANT 10%,,clara.ruiz6,0x8504084627C9145b2A3e24b6E4f925195C97CB5A,23383847-d1ae-4b41-99db-9eb3da4e7cc0,dTech Creator Gigs,6.37,2022-07-12 8:45:40,ANT,0xa117000000f279D81A1D3cc75430fAA017FA5A2e,0xd0f8eaf53183aab05430cdd46d45b35cba63e6549b51dfda975f4b30c3b135b4,0x2837e0f276c39370fb65e5a1ec819b60c41fbd4f2ef5b26d14117b1a0cd1dcfe
1705dc54-8a85-4c18-adc3-3f4361df8f77,Creating Visual Docs (DTG.P1.M5.N10),,clara.ruiz6,0x8504084627C9145b2A3e24b6E4f925195C97CB5A,23383847-d1ae-4b41-99db-9eb3da4e7cc0,dTech Creator Gigs,90,2022-07-12 8:43:44,USDC,0x2791Bca1f2de4661ED88A30C99A7a9449Aa84174,0x8f8a41877dac0011196e1a679ee537f39ed17f61acbb93fbd5c44bd4bdb50de5,0x0aaf4a4820eababf01fef47e74008a03cea08ae63308c2adcd370bcbbeca8a42
40d0a918-f14f-41db-8c82-30c61718f712,Presenting 'Showing Around Aragon Client' Video (DTG.P1.M6.N476),,clara.ruiz6,0x8504084627C9145b2A3e24b6E4f925195C97CB5A,23383847-d1ae-4b41-99db-9eb3da4e7cc0,dTech Creator Gigs,90,2022-08-17 12:48:24,USDC,0xA0b86991c6218b36c1d19D4a2e9Eb0cE3606eB48,0xbc4784ca0e770abb0a82778e9c71acd88da3583fa2cab8594e7ddac9a2fdb97c,0xecc68ada5aa8b56fe2412135c5604089f5134f001412008fa1c756d1f0c56576
40d0a918-f14f-41db-8c82-30c61718f712,Presenting 'Showing Around Aragon Client' Video (DTG.P1.M6.N476),,clara.ruiz6,0x8504084627C9145b2A3e24b6E4f925195C97CB5A,23383847-d1ae-4b41-99db-9eb3da4e7cc0,dTech Creator Gigs,5.03,2022-08-17 12:48:24,ANT,0xa117000000f279D81A1D3cc75430fAA017FA5A2e,0xbc4784ca0e770abb0a82778e9c71acd88da3583fa2cab8594e7ddac9a2fdb97c,0xecc68ada5aa8b56fe2412135c5604089f5134f001412008fa1c756d1f0c56576
b0842aff-da28-4434-beab-0c8bb4d9fe1e,JULY Weekly Reporting,,blockchainlore,0x46DCeaf588C5a1A1759935dc07824ffA9f9a4891,dced4009-2ada-45cb-84cb-f5c228e0a3b0,dGov Creator Gigs,,2022-07-29 13:11:56,ANT,0xa117000000f279D81A1D3cc75430fAA017FA5A2e,,
671d79bf-400d-43e5-8f14-d6f3eb9ad177,June Governance Secretary,,blockchainlore,0x46DCeaf588C5a1A1759935dc07824ffA9f9a4891,dced4009-2ada-45cb-84cb-f5c228e0a3b0,dGov Creator Gigs,,2022-07-12 8:43:44,USDC,0x2791Bca1f2de4661ED88A30C99A7a9449Aa84174,,
44baafe3-fedb-4a1b-b12b-2068a5fef885,June Governance Secretary (Copy),,blockchainlore,0x46DCeaf588C5a1A1759935dc07824ffA9f9a4891,dced4009-2ada-45cb-84cb-f5c228e0a3b0,dGov Creator Gigs,,2022-07-12 8:45:40,ANT,0xa117000000f279D81A1D3cc75430fAA017FA5A2e,,
b0842aff-da28-4434-beab-0c8bb4d9fe1e,JULY Weekly Reporting,,blockchainlore,0x46DCeaf588C5a1A1759935dc07824ffA9f9a4891,dced4009-2ada-45cb-84cb-f5c228e0a3b0,dGov Creator Gigs,,2022-07-29 13:11:56,USDC,0xA0b86991c6218b36c1d19D4a2e9Eb0cE3606eB48,,
9c2d6dd2-a874-4598-be14-3b0f67e9d5df,Presenting 'How to Create a Legal Wrapper' Video (DTG.P1.M6.N474),,Artemis Marsian,0xC9a65e802571fB8F63DdC744f987e7860DcBEb04,23383847-d1ae-4b41-99db-9eb3da4e7cc0,dTech Creator Gigs,90,2022-07-21 16:56:35,USDC,0xA0b86991c6218b36c1d19D4a2e9Eb0cE3606eB48,0xf392edd006dc57361b191e66cb3d1e4dcc5b5b044c168c4d979e44ddfd0b7420,0xd7356c81e95d55964bd10e46fd594682f0affc65a38b80101bf3fca518ac1476
9c2d6dd2-a874-4598-be14-3b0f67e9d5df,Presenting 'How to Create a Legal Wrapper' Video (DTG.P1.M6.N474),,Artemis Marsian,0xC9a65e802571fB8F63DdC744f987e7860DcBEb04,23383847-d1ae-4b41-99db-9eb3da4e7cc0,dTech Creator Gigs,5.71,2022-07-21 16:56:35,ANT,0xa117000000f279D81A1D3cc75430fAA017FA5A2e,0xf392edd006dc57361b191e66cb3d1e4dcc5b5b044c168c4d979e44ddfd0b7420,0xd7356c81e95d55964bd10e46fd594682f0affc65a38b80101bf3fca518ac1476
8dfea04e-20b2-4484-b1be-228b3d0eae09,Scribe for Ops,,sacred,0xaaF5f63A100e843bccCCF58e2572c79BeEDc0460,4e848cab-08db-4fd2-9110-b6540b34eee4,Operations Guild's Creator Gigs,90,2022-07-12 8:43:44,USDC,0x2791Bca1f2de4661ED88A30C99A7a9449Aa84174,0x8f8a41877dac0011196e1a679ee537f39ed17f61acbb93fbd5c44bd4bdb50de5,0x0aaf4a4820eababf01fef47e74008a03cea08ae63308c2adcd370bcbbeca8a42
a5dc0f41-465b-4b45-8e61-aa47fb4ad14f,Ops Secretary,,sacred,0xaaF5f63A100e843bccCCF58e2572c79BeEDc0460,4e848cab-08db-4fd2-9110-b6540b34eee4,Operations Guild's Creator Gigs,90,2022-08-05 6:53:41,USDC,0xA0b86991c6218b36c1d19D4a2e9Eb0cE3606eB48,0x51f40057bd50b31c774076518bc9a45f42203545076cc321c206accf69ad879e,0xb6411a3bc28f9e2d2e67fa640fdd0a996bae3ef69e2899e27f1fb21fd9696687
47e51cda-ac45-48fe-be77-02ad14c2645c,10% ANT,,sacred,0xaaF5f63A100e843bccCCF58e2572c79BeEDc0460,4e848cab-08db-4fd2-9110-b6540b34eee4,Operations Guild's Creator Gigs,6.37,2022-07-12 8:45:40,ANT,0xa117000000f279D81A1D3cc75430fAA017FA5A2e,0xd0f8eaf53183aab05430cdd46d45b35cba63e6549b51dfda975f4b30c3b135b4,0x2837e0f276c39370fb65e5a1ec819b60c41fbd4f2ef5b26d14117b1a0cd1dcfe
a5dc0f41-465b-4b45-8e61-aa47fb4ad14f,Ops Secretary,,sacred,0xaaF5f63A100e843bccCCF58e2572c79BeEDc0460,4e848cab-08db-4fd2-9110-b6540b34eee4,Operations Guild's Creator Gigs,4.95,2022-08-05 6:53:41,ANT,0xa117000000f279D81A1D3cc75430fAA017FA5A2e,0x51f40057bd50b31c774076518bc9a45f42203545076cc321c206accf69ad879e,0xb6411a3bc28f9e2d2e67fa640fdd0a996bae3ef69e2899e27f1fb21fd9696687
0f2de537-cfb0-4828-847f-90ceebe42708,ANT,,korzhon,0x945a72e8A8d6DFB56D49C8da98Ad4E53b3Bd9C28,4e848cab-08db-4fd2-9110-b6540b34eee4,Operations Guild's Creator Gigs,15.04,2022-06-19 13:34:10,ANT,0xa117000000f279D81A1D3cc75430fAA017FA5A2e,0xda932fd3af8a8c41ba79666909a63fcf4af055e60614b032ce31290a44097028,0x43ef30e1b11fe15c7f2cb27eaf3eeb9ba74e376aeb1e7dd4b43b99ebfbba4a4c
dba0dccc-cb2c-4974-acc8-3d33e3057726,"Translation of ""What Is It Like to Join a DAO?"" article to Ukrainian",2,korzhon,0x945a72e8A8d6DFB56D49C8da98Ad4E53b3Bd9C28,4e848cab-08db-4fd2-9110-b6540b34eee4,Operations Guild's Creator Gigs,180,2022-06-19 13:34:10,USDC,0xA0b86991c6218b36c1d19D4a2e9Eb0cE3606eB48,0xda932fd3af8a8c41ba79666909a63fcf4af055e60614b032ce31290a44097028,0x43ef30e1b11fe15c7f2cb27eaf3eeb9ba74e376aeb1e7dd4b43b99ebfbba4a4c
61efb8b2-3eaf-46f3-92b4-d32734161ad6,AUG TAO Voting Documentation 1/2,,anson,0x9aB3971e1b065701C72C5f3cAFbF33118dC51ae9,dced4009-2ada-45cb-84cb-f5c228e0a3b0,dGov Creator Gigs,,2022-09-12 11:46:53,USDC,0xA0b86991c6218b36c1d19D4a2e9Eb0cE3606eB48,,
be0cd936-885c-436e-b0d1-1305d36f1155,JULY dtech Core Support,,anson,0x9aB3971e1b065701C72C5f3cAFbF33118dC51ae9,dced4009-2ada-45cb-84cb-f5c228e0a3b0,dGov Creator Gigs,,2022-07-29 13:11:56,ANT,0xa117000000f279D81A1D3cc75430fAA017FA5A2e,,
044f3161-c0eb-4688-b20e-eb8038a010a4,Proofread Tech Doc. IV Part Dev. (Govern + Vocdoni) - Native English Review (DTG.P2.M6.N4),,anson,0x9aB3971e1b065701C72C5f3cAFbF33118dC51ae9,8ba60052-2213-4cfb-8443-ff1b9c61de1a,Aragon Technical Documentation,,2022-07-21 16:56:35,USDC,0xA0b86991c6218b36c1d19D4a2e9Eb0cE3606eB48,,
044f3161-c0eb-4688-b20e-eb8038a010a4,Proofread Tech Doc. IV Part Dev. (Govern + Vocdoni) - Native English Review (DTG.P2.M6.N4),,anson,0x9aB3971e1b065701C72C5f3cAFbF33118dC51ae9,8ba60052-2213-4cfb-8443-ff1b9c61de1a,Aragon Technical Documentation,,2022-07-21 16:56:35,ANT,0xa117000000f279D81A1D3cc75430fAA017FA5A2e,,
be0cd936-885c-436e-b0d1-1305d36f1155,JULY dtech Core Support,,anson,0x9aB3971e1b065701C72C5f3cAFbF33118dC51ae9,dced4009-2ada-45cb-84cb-f5c228e0a3b0,dGov Creator Gigs,,2022-07-29 13:11:56,USDC,0xA0b86991c6218b36c1d19D4a2e9Eb0cE3606eB48,,
8cb49335-a564-4d33-a35b-1a265fe30e8e,Proofread Tech Doc. III Part Dev. - (CLI) -  Native English Review (DTG.P2.M5.N4),,anson,0x9aB3971e1b065701C72C5f3cAFbF33118dC51ae9,8ba60052-2213-4cfb-8443-ff1b9c61de1a,Aragon Technical Documentation,,2022-08-17 12:48:24,ANT,0xa117000000f279D81A1D3cc75430fAA017FA5A2e,,
8cb49335-a564-4d33-a35b-1a265fe30e8e,Proofread Tech Doc. III Part Dev. - (CLI) -  Native English Review (DTG.P2.M5.N4),,anson,0x9aB3971e1b065701C72C5f3cAFbF33118dC51ae9,8ba60052-2213-4cfb-8443-ff1b9c61de1a,Aragon Technical Documentation,,2022-08-17 12:48:24,USDC,0xA0b86991c6218b36c1d19D4a2e9Eb0cE3606eB48,,
99fc6151-8988-48d8-8b99-78a024ebdbd9,June dTech Core Support,,anson,0x9aB3971e1b065701C72C5f3cAFbF33118dC51ae9,dced4009-2ada-45cb-84cb-f5c228e0a3b0,dGov Creator Gigs,,2022-07-12 8:43:44,USDC,0x2791Bca1f2de4661ED88A30C99A7a9449Aa84174,,
21a0a0e6-f02c-4f6e-b462-1250237c159f,June dTech Core Support (Copy),,anson,0x9aB3971e1b065701C72C5f3cAFbF33118dC51ae9,dced4009-2ada-45cb-84cb-f5c228e0a3b0,dGov Creator Gigs,,2022-07-12 8:45:40,ANT,0xa117000000f279D81A1D3cc75430fAA017FA5A2e,,
61efb8b2-3eaf-46f3-92b4-d32734161ad6,AUG TAO Voting Documentation 1/2,,anson,0x9aB3971e1b065701C72C5f3cAFbF33118dC51ae9,dced4009-2ada-45cb-84cb-f5c228e0a3b0,dGov Creator Gigs,,2022-09-12 11:46:53,ANT,0xa117000000f279D81A1D3cc75430fAA017FA5A2e,,
ae001604-d66a-4eef-a32b-17ec68cb4d90,AUG dGov Governance Tracking & Awareness,,Spectra CryptoVerse,0x96FBd75834FD9498f8b1E485D29541e74b8E6Ac7,dced4009-2ada-45cb-84cb-f5c228e0a3b0,dGov Creator Gigs,26.88,2022-09-12 11:46:53,ANT,0xa117000000f279D81A1D3cc75430fAA017FA5A2e,0xb18cbdb3e0833e3021ac3289bc571cf2d43542bd695bfebc59811571d3f416e4,0x95726e594d443af7de29512fc23fb89e0c0aada041357a60ef8ea138502fcbad
3052bee4-0431-4e7b-9237-d198c4e97e27,June Proposal Tracking (Copy),,Spectra CryptoVerse,0x96FBd75834FD9498f8b1E485D29541e74b8E6Ac7,dced4009-2ada-45cb-84cb-f5c228e0a3b0,dGov Creator Gigs,31.85,2022-07-12 8:45:40,ANT,0xa117000000f279D81A1D3cc75430fAA017FA5A2e,0xd0f8eaf53183aab05430cdd46d45b35cba63e6549b51dfda975f4b30c3b135b4,0x2837e0f276c39370fb65e5a1ec819b60c41fbd4f2ef5b26d14117b1a0cd1dcfe
d2870189-7dbd-467b-bb22-bb51d5b01717,June Proposal Tracking,,Spectra CryptoVerse,0x96FBd75834FD9498f8b1E485D29541e74b8E6Ac7,dced4009-2ada-45cb-84cb-f5c228e0a3b0,dGov Creator Gigs,450,2022-07-12 8:43:44,USDC,0x2791Bca1f2de4661ED88A30C99A7a9449Aa84174,0x8f8a41877dac0011196e1a679ee537f39ed17f61acbb93fbd5c44bd4bdb50de5,0x0aaf4a4820eababf01fef47e74008a03cea08ae63308c2adcd370bcbbeca8a42
ae001604-d66a-4eef-a32b-17ec68cb4d90,AUG dGov Governance Tracking & Awareness,,Spectra CryptoVerse,0x96FBd75834FD9498f8b1E485D29541e74b8E6Ac7,dced4009-2ada-45cb-84cb-f5c228e0a3b0,dGov Creator Gigs,450,2022-09-12 11:46:53,USDC,0xA0b86991c6218b36c1d19D4a2e9Eb0cE3606eB48,0xb18cbdb3e0833e3021ac3289bc571cf2d43542bd695bfebc59811571d3f416e4,0x95726e594d443af7de29512fc23fb89e0c0aada041357a60ef8ea138502fcbad
96606ad7-a862-4c34-ac3b-f7f03b3b9d9b,RMRF Planning Design,,Adebola,0x1FCabBA469B151dF83a6A72Cdd1113c154F7A402,040610af-05e7-41d2-9587-6faf39b63185,Data and Insights Squad Creator Gigs,450,2022-09-12 16:32:28,USDC,0xA0b86991c6218b36c1d19D4a2e9Eb0cE3606eB48,0x09b578d83b1cfbb63120986523a767905cdcda15467a35ba39b8abfd3bcd3d59,0x8590990bbc8fc00266fe15987dab28c6ac14b697e920baa895689d0d7ae6b9d9
96606ad7-a862-4c34-ac3b-f7f03b3b9d9b,RMRF Planning Design,,Adebola,0x1FCabBA469B151dF83a6A72Cdd1113c154F7A402,040610af-05e7-41d2-9587-6faf39b63185,Data and Insights Squad Creator Gigs,50,2022-09-12 16:32:28,ANT,0xa117000000f279D81A1D3cc75430fAA017FA5A2e,0x09b578d83b1cfbb63120986523a767905cdcda15467a35ba39b8abfd3bcd3d59,0x8590990bbc8fc00266fe15987dab28c6ac14b697e920baa895689d0d7ae6b9d9
808319f2-9f7c-470c-b1c5-19efcd23789e,AUG Knowledge Calalysts 1/3,,El,0x9Bb4Bd0E683d7139bf6de998aB363A819C06A5Ed,dced4009-2ada-45cb-84cb-f5c228e0a3b0,dGov Creator Gigs,,2022-09-12 11:46:53,USDC,0xA0b86991c6218b36c1d19D4a2e9Eb0cE3606eB48,,
255a90d3-a057-4d12-8172-3e60ec925366,JULY Knowledge Catalysts 3/3,,El,0x9Bb4Bd0E683d7139bf6de998aB363A819C06A5Ed,dced4009-2ada-45cb-84cb-f5c228e0a3b0,dGov Creator Gigs,,2022-07-29 13:11:56,ANT,0xa117000000f279D81A1D3cc75430fAA017FA5A2e,,
808319f2-9f7c-470c-b1c5-19efcd23789e,AUG Knowledge Calalysts 1/3,,El,0x9Bb4Bd0E683d7139bf6de998aB363A819C06A5Ed,dced4009-2ada-45cb-84cb-f5c228e0a3b0,dGov Creator Gigs,,2022-09-12 11:46:53,ANT,0xa117000000f279D81A1D3cc75430fAA017FA5A2e,,
120a58a0-b7bb-4470-bbbe-70b3ad873920,June Knowledge Catalyst (Copy),,El,0x9Bb4Bd0E683d7139bf6de998aB363A819C06A5Ed,dced4009-2ada-45cb-84cb-f5c228e0a3b0,dGov Creator Gigs,,2022-07-12 8:45:40,ANT,0xa117000000f279D81A1D3cc75430fAA017FA5A2e,,
1997f03e-7e41-47fc-8dcb-23e1c26fa46e,June Knowledge Catalyst,,El,0x9Bb4Bd0E683d7139bf6de998aB363A819C06A5Ed,dced4009-2ada-45cb-84cb-f5c228e0a3b0,dGov Creator Gigs,,2022-07-12 8:43:44,USDC,0x2791Bca1f2de4661ED88A30C99A7a9449Aa84174,,
255a90d3-a057-4d12-8172-3e60ec925366,JULY Knowledge Catalysts 3/3,,El,0x9Bb4Bd0E683d7139bf6de998aB363A819C06A5Ed,dced4009-2ada-45cb-84cb-f5c228e0a3b0,dGov Creator Gigs,,2022-07-29 13:11:56,USDC,0xA0b86991c6218b36c1d19D4a2e9Eb0cE3606eB48,,
45d8ecd3-6a37-4134-838e-01b7b7882bf6,AUG S2 Reading Content Approved Articles,,jugaadbhatia-18562,0x09A7A49ca1807842E06636D6B38E64C1E7cDAAC4,dced4009-2ada-45cb-84cb-f5c228e0a3b0,dGov Creator Gigs,16.09,2022-08-05 6:53:41,ANT,0xa117000000f279D81A1D3cc75430fAA017FA5A2e,0x51f40057bd50b31c774076518bc9a45f42203545076cc321c206accf69ad879e,0xb6411a3bc28f9e2d2e67fa640fdd0a996bae3ef69e2899e27f1fb21fd9696687
45d8ecd3-6a37-4134-838e-01b7b7882bf6,AUG S2 Reading Content Approved Articles,,jugaadbhatia-18562,0x09A7A49ca1807842E06636D6B38E64C1E7cDAAC4,dced4009-2ada-45cb-84cb-f5c228e0a3b0,dGov Creator Gigs,292.5,2022-08-05 6:53:41,USDC,0xA0b86991c6218b36c1d19D4a2e9Eb0cE3606eB48,0x51f40057bd50b31c774076518bc9a45f42203545076cc321c206accf69ad879e,0xb6411a3bc28f9e2d2e67fa640fdd0a996bae3ef69e2899e27f1fb21fd9696687
ec229cf1-fa06-43e0-a80c-d4a8754b1aa7,AUG S2 Governance Library Curator,,jugaadbhatia-18562,0x09A7A49ca1807842E06636D6B38E64C1E7cDAAC4,dced4009-2ada-45cb-84cb-f5c228e0a3b0,dGov Creator Gigs,17.59,2022-08-17 12:48:24,ANT,0xa117000000f279D81A1D3cc75430fAA017FA5A2e,0xbc4784ca0e770abb0a82778e9c71acd88da3583fa2cab8594e7ddac9a2fdb97c,0xecc68ada5aa8b56fe2412135c5604089f5134f001412008fa1c756d1f0c56576
ec229cf1-fa06-43e0-a80c-d4a8754b1aa7,AUG S2 Governance Library Curator,,jugaadbhatia-18562,0x09A7A49ca1807842E06636D6B38E64C1E7cDAAC4,dced4009-2ada-45cb-84cb-f5c228e0a3b0,dGov Creator Gigs,315,2022-08-17 12:48:24,USDC,0xA0b86991c6218b36c1d19D4a2e9Eb0cE3606eB48,0xbc4784ca0e770abb0a82778e9c71acd88da3583fa2cab8594e7ddac9a2fdb97c,0xecc68ada5aa8b56fe2412135c5604089f5134f001412008fa1c756d1f0c56576
b25b6770-1073-4e36-887d-6f695cbaa1f9,POAP Master,,IsraelRex,0xd4ebc61981e5B9AB392b68f2638012E2346D534C,4e848cab-08db-4fd2-9110-b6540b34eee4,Operations Guild's Creator Gigs,,2022-07-12 8:43:44,USDC,0x2791Bca1f2de4661ED88A30C99A7a9449Aa84174,,
5d1a12a2-e9ca-4873-848a-51cabdaab86b,Creating Visual Docs - VideoGIF 'How to add a testnet on MetaMask wallet' (DTG.P2.M7.N478),,IsraelRex,0xd4ebc61981e5B9AB392b68f2638012E2346D534C,8ba60052-2213-4cfb-8443-ff1b9c61de1a,Aragon Technical Documentation,,2022-08-17 12:48:24,USDC,0xA0b86991c6218b36c1d19D4a2e9Eb0cE3606eB48,,
5d1a12a2-e9ca-4873-848a-51cabdaab86b,Creating Visual Docs - VideoGIF 'How to add a testnet on MetaMask wallet' (DTG.P2.M7.N478),,IsraelRex,0xd4ebc61981e5B9AB392b68f2638012E2346D534C,8ba60052-2213-4cfb-8443-ff1b9c61de1a,Aragon Technical Documentation,,2022-08-17 12:48:24,ANT,0xa117000000f279D81A1D3cc75430fAA017FA5A2e,,
c63e74d0-733b-4f9d-a197-d36902b6c20d,POAP Master,,IsraelRex,0xd4ebc61981e5B9AB392b68f2638012E2346D534C,4e848cab-08db-4fd2-9110-b6540b34eee4,Operations Guild's Creator Gigs,,2022-07-29 13:11:56,USDC,0xA0b86991c6218b36c1d19D4a2e9Eb0cE3606eB48,,
c63e74d0-733b-4f9d-a197-d36902b6c20d,POAP Master,,IsraelRex,0xd4ebc61981e5B9AB392b68f2638012E2346D534C,4e848cab-08db-4fd2-9110-b6540b34eee4,Operations Guild's Creator Gigs,,2022-07-29 13:11:56,ANT,0xa117000000f279D81A1D3cc75430fAA017FA5A2e,,
70ce0725-376f-43d1-8c58-38d24f18c350,10% ANT,,IsraelRex,0xd4ebc61981e5B9AB392b68f2638012E2346D534C,4e848cab-08db-4fd2-9110-b6540b34eee4,Operations Guild's Creator Gigs,,2022-07-12 8:45:40,ANT,0xa117000000f279D81A1D3cc75430fAA017FA5A2e,,
de09fca3-3902-4023-8d0c-a7a82bedd5af,ANT,,Romko,0x7292667C8A55bd56d496D2EDcB5Cfb37D554f943,4e848cab-08db-4fd2-9110-b6540b34eee4,Operations Guild's Creator Gigs,15.04,2022-06-19 13:34:10,ANT,0xa117000000f279D81A1D3cc75430fAA017FA5A2e,0xda932fd3af8a8c41ba79666909a63fcf4af055e60614b032ce31290a44097028,0x43ef30e1b11fe15c7f2cb27eaf3eeb9ba74e376aeb1e7dd4b43b99ebfbba4a4c
71c66f84-f5f6-4919-b911-9d32f263a277,"Translation of ""How to Join a DAO"" article to Ukrainian",2,Romko,0x7292667C8A55bd56d496D2EDcB5Cfb37D554f943,4e848cab-08db-4fd2-9110-b6540b34eee4,Operations Guild's Creator Gigs,180,2022-06-19 13:34:10,USDC,0xA0b86991c6218b36c1d19D4a2e9Eb0cE3606eB48,0xda932fd3af8a8c41ba79666909a63fcf4af055e60614b032ce31290a44097028,0x43ef30e1b11fe15c7f2cb27eaf3eeb9ba74e376aeb1e7dd4b43b99ebfbba4a4c
c6dbc946-880e-47ee-8733-cac12e1b7f5d,Native speaker Translation Fundamentals + Aragon Client Docs into French (DTG.P2.M6.N41),,remyMSG-23124,0x593FA1B0C7E4367fbd7DA113A3C1de3B57201aD9,23383847-d1ae-4b41-99db-9eb3da4e7cc0,dTech Creator Gigs,28.57,2022-07-21 16:56:35,ANT,0xa117000000f279D81A1D3cc75430fAA017FA5A2e,0xf392edd006dc57361b191e66cb3d1e4dcc5b5b044c168c4d979e44ddfd0b7420,0xd7356c81e95d55964bd10e46fd594682f0affc65a38b80101bf3fca518ac1476
c6dbc946-880e-47ee-8733-cac12e1b7f5d,Native speaker Translation Fundamentals + Aragon Client Docs into French (DTG.P2.M6.N41),,remyMSG-23124,0x593FA1B0C7E4367fbd7DA113A3C1de3B57201aD9,23383847-d1ae-4b41-99db-9eb3da4e7cc0,dTech Creator Gigs,450,2022-07-21 16:56:35,USDC,0xA0b86991c6218b36c1d19D4a2e9Eb0cE3606eB48,0xf392edd006dc57361b191e66cb3d1e4dcc5b5b044c168c4d979e44ddfd0b7420,0xd7356c81e95d55964bd10e46fd594682f0affc65a38b80101bf3fca518ac1476
8b083729-fed9-48a9-b4ae-5cce3ddf4e5a,June Baseline Survey (Copy),,FMurphy,0xdF2B0B3A8db9D5DDb285bD26D296f9D78CA4cF7f,dced4009-2ada-45cb-84cb-f5c228e0a3b0,dGov Creator Gigs,,2022-07-12 8:45:40,ANT,0xa117000000f279D81A1D3cc75430fAA017FA5A2e,,
9debbefd-2f6f-4c52-9a7c-c4b5e3925aeb,Layer3 Contests,,FMurphy,0xdF2B0B3A8db9D5DDb285bD26D296f9D78CA4cF7f,c2bdf75d-4cf0-4865-bd90-22cf627d4d7d,Community Creator Gigs,,2022-09-12 15:15:41,ANT,0xa117000000f279D81A1D3cc75430fAA017FA5A2e,,
4b141145-dc60-4dd7-af29-1bd7cf96eb43,June  Growth Coordination,,FMurphy,0xdF2B0B3A8db9D5DDb285bD26D296f9D78CA4cF7f,dced4009-2ada-45cb-84cb-f5c228e0a3b0,dGov Creator Gigs,,2022-07-12 8:43:44,USDC,0x2791Bca1f2de4661ED88A30C99A7a9449Aa84174,,
3177508c-fdce-4572-9fee-ed1a5a10d316,JULY dGov Community Awareness,,FMurphy,0xdF2B0B3A8db9D5DDb285bD26D296f9D78CA4cF7f,dced4009-2ada-45cb-84cb-f5c228e0a3b0,dGov Creator Gigs,,2022-07-29 13:11:56,ANT,0xa117000000f279D81A1D3cc75430fAA017FA5A2e,,
3177508c-fdce-4572-9fee-ed1a5a10d316,JULY dGov Community Awareness,,FMurphy,0xdF2B0B3A8db9D5DDb285bD26D296f9D78CA4cF7f,dced4009-2ada-45cb-84cb-f5c228e0a3b0,dGov Creator Gigs,,2022-07-29 13:11:56,USDC,0xA0b86991c6218b36c1d19D4a2e9Eb0cE3606eB48,,
51669085-949c-4e2b-9420-822a78be34d8,June  Growth Coordination (Copy),,FMurphy,0xdF2B0B3A8db9D5DDb285bD26D296f9D78CA4cF7f,dced4009-2ada-45cb-84cb-f5c228e0a3b0,dGov Creator Gigs,,2022-07-12 8:45:40,ANT,0xa117000000f279D81A1D3cc75430fAA017FA5A2e,,
20f02991-7f7e-4944-b6ab-11d358718bf8,June Baseline Survey,,FMurphy,0xdF2B0B3A8db9D5DDb285bD26D296f9D78CA4cF7f,dced4009-2ada-45cb-84cb-f5c228e0a3b0,dGov Creator Gigs,,2022-07-12 8:43:44,USDC,0x2791Bca1f2de4661ED88A30C99A7a9449Aa84174,,
31672e4f-2de2-4dbd-a157-c7ec4eacd77a,Ukraine Translation,,DeFiniTed,0xcFBFC9540eb93A8Df2ac917b677635825FCD70ac,4e848cab-08db-4fd2-9110-b6540b34eee4,Operations Guild's Creator Gigs,450,2022-06-19 13:34:10,USDC,0xA0b86991c6218b36c1d19D4a2e9Eb0cE3606eB48,0xda932fd3af8a8c41ba79666909a63fcf4af055e60614b032ce31290a44097028,0x43ef30e1b11fe15c7f2cb27eaf3eeb9ba74e376aeb1e7dd4b43b99ebfbba4a4c
28c793b1-4e23-4926-9de9-8dc48fb7d05f,ANT,,DeFiniTed,0xcFBFC9540eb93A8Df2ac917b677635825FCD70ac,4e848cab-08db-4fd2-9110-b6540b34eee4,Operations Guild's Creator Gigs,37.59,2022-06-19 13:34:10,ANT,0xa117000000f279D81A1D3cc75430fAA017FA5A2e,0xda932fd3af8a8c41ba79666909a63fcf4af055e60614b032ce31290a44097028,0x43ef30e1b11fe15c7f2cb27eaf3eeb9ba74e376aeb1e7dd4b43b99ebfbba4a4c
7ac9d3b5-ba3e-4c2e-bbf7-9dbd848fa0b7,Dune Dashboard for Other competing DAO Ecosystems,,Henrystats,0xe5fF2C80759db9408dC9fD22b155b851Cd5aAA94,040610af-05e7-41d2-9587-6faf39b63185,Data and Insights Squad Creator Gigs,12.5,2022-09-12 16:32:28,ANT,0xa117000000f279D81A1D3cc75430fAA017FA5A2e,0x09b578d83b1cfbb63120986523a767905cdcda15467a35ba39b8abfd3bcd3d59,0x8590990bbc8fc00266fe15987dab28c6ac14b697e920baa895689d0d7ae6b9d9
7ac9d3b5-ba3e-4c2e-bbf7-9dbd848fa0b7,Dune Dashboard for Other competing DAO Ecosystems,,Henrystats,0xe5fF2C80759db9408dC9fD22b155b851Cd5aAA94,040610af-05e7-41d2-9587-6faf39b63185,Data and Insights Squad Creator Gigs,112.5,2022-09-12 16:32:28,USDC,0xA0b86991c6218b36c1d19D4a2e9Eb0cE3606eB48,0x09b578d83b1cfbb63120986523a767905cdcda15467a35ba39b8abfd3bcd3d59,0x8590990bbc8fc00266fe15987dab28c6ac14b697e920baa895689d0d7ae6b9d9
4248dc43-61a4-42fe-a91e-fceb7b759b76,JULY Knowledge Caltalysts 2/3,,louisa,0x80221B357685A45F83DEAe0216E01421993C9485,dced4009-2ada-45cb-84cb-f5c228e0a3b0,dGov Creator Gigs,,2022-07-29 13:11:56,USDC,0xA0b86991c6218b36c1d19D4a2e9Eb0cE3606eB48,,
4248dc43-61a4-42fe-a91e-fceb7b759b76,JULY Knowledge Caltalysts 2/3,,louisa,0x80221B357685A45F83DEAe0216E01421993C9485,dced4009-2ada-45cb-84cb-f5c228e0a3b0,dGov Creator Gigs,,2022-07-29 13:11:56,ANT,0xa117000000f279D81A1D3cc75430fAA017FA5A2e,,
761dfe84-6aa9-4683-951e-40751efe4773,AUG Knowledge Caltalysts 2/3,,louisa,0x80221B357685A45F83DEAe0216E01421993C9485,dced4009-2ada-45cb-84cb-f5c228e0a3b0,dGov Creator Gigs,,2022-09-12 11:46:53,USDC,0xA0b86991c6218b36c1d19D4a2e9Eb0cE3606eB48,,
3e7348dd-9daa-463c-8bcb-a66a1d27df01,AUG Community Call,,louisa,0x80221B357685A45F83DEAe0216E01421993C9485,dced4009-2ada-45cb-84cb-f5c228e0a3b0,dGov Creator Gigs,,2022-09-12 11:46:53,USDC,0xA0b86991c6218b36c1d19D4a2e9Eb0cE3606eB48,,
3e7348dd-9daa-463c-8bcb-a66a1d27df01,AUG Community Call,,louisa,0x80221B357685A45F83DEAe0216E01421993C9485,dced4009-2ada-45cb-84cb-f5c228e0a3b0,dGov Creator Gigs,,2022-09-12 11:46:53,ANT,0xa117000000f279D81A1D3cc75430fAA017FA5A2e,,
761dfe84-6aa9-4683-951e-40751efe4773,AUG Knowledge Caltalysts 2/3,,louisa,0x80221B357685A45F83DEAe0216E01421993C9485,dced4009-2ada-45cb-84cb-f5c228e0a3b0,dGov Creator Gigs,,2022-09-12 11:46:53,ANT,0xa117000000f279D81A1D3cc75430fAA017FA5A2e,,
90ae6523-9cb8-46e0-b240-1de6c2c4fa67,Culture Catalyst,,MaxCaspar,0x577330c3AB28B6Ea0797D1552eA9edEB067C912C,4e848cab-08db-4fd2-9110-b6540b34eee4,Operations Guild's Creator Gigs,2700,2022-07-12 8:43:44,USDC,0x2791Bca1f2de4661ED88A30C99A7a9449Aa84174,0x8f8a41877dac0011196e1a679ee537f39ed17f61acbb93fbd5c44bd4bdb50de5,0x0aaf4a4820eababf01fef47e74008a03cea08ae63308c2adcd370bcbbeca8a42
5976f44e-ca3c-46dc-8a9b-96f74fb1dcf3,Culture Catalyst,,MaxCaspar,0x577330c3AB28B6Ea0797D1552eA9edEB067C912C,4e848cab-08db-4fd2-9110-b6540b34eee4,Operations Guild's Creator Gigs,2700,2022-08-05 6:53:41,USDC,0xA0b86991c6218b36c1d19D4a2e9Eb0cE3606eB48,0x51f40057bd50b31c774076518bc9a45f42203545076cc321c206accf69ad879e,0xb6411a3bc28f9e2d2e67fa640fdd0a996bae3ef69e2899e27f1fb21fd9696687
bf0e00e6-d769-4ce5-8a5b-bab556b5bb92,10% ANT,,MaxCaspar,0x577330c3AB28B6Ea0797D1552eA9edEB067C912C,4e848cab-08db-4fd2-9110-b6540b34eee4,Operations Guild's Creator Gigs,191.08,2022-07-12 8:45:40,ANT,0xa117000000f279D81A1D3cc75430fAA017FA5A2e,0xd0f8eaf53183aab05430cdd46d45b35cba63e6549b51dfda975f4b30c3b135b4,0x2837e0f276c39370fb65e5a1ec819b60c41fbd4f2ef5b26d14117b1a0cd1dcfe
5976f44e-ca3c-46dc-8a9b-96f74fb1dcf3,Culture Catalyst,,MaxCaspar,0x577330c3AB28B6Ea0797D1552eA9edEB067C912C,4e848cab-08db-4fd2-9110-b6540b34eee4,Operations Guild's Creator Gigs,148.51,2022-08-05 6:53:41,ANT,0xa117000000f279D81A1D3cc75430fAA017FA5A2e,0x51f40057bd50b31c774076518bc9a45f42203545076cc321c206accf69ad879e,0xb6411a3bc28f9e2d2e67fa640fdd0a996bae3ef69e2899e27f1fb21fd9696687
1ec7db52-fc22-4edb-a861-886f7c136059,10% ANT,,sumbo,0xf14B772F060F1315CAce35aF31955f54952e464D,4e848cab-08db-4fd2-9110-b6540b34eee4,Operations Guild's Creator Gigs,6.37,2022-07-12 8:45:40,ANT,0xa117000000f279D81A1D3cc75430fAA017FA5A2e,0xd0f8eaf53183aab05430cdd46d45b35cba63e6549b51dfda975f4b30c3b135b4,0x2837e0f276c39370fb65e5a1ec819b60c41fbd4f2ef5b26d14117b1a0cd1dcfe
96606ad7-a862-4c34-ac3b-f7f03b3b9d9b,RMRF Planning Design,,sumbo,0xf14B772F060F1315CAce35aF31955f54952e464D,040610af-05e7-41d2-9587-6faf39b63185,Data and Insights Squad Creator Gigs,450,2022-09-12 16:32:28,USDC,0xA0b86991c6218b36c1d19D4a2e9Eb0cE3606eB48,0x09b578d83b1cfbb63120986523a767905cdcda15467a35ba39b8abfd3bcd3d59,0x8590990bbc8fc00266fe15987dab28c6ac14b697e920baa895689d0d7ae6b9d9
4ac346db-078e-44c3-a05d-ab58f511ec25,Data Analytics Creator Gig,,sumbo,0xf14B772F060F1315CAce35aF31955f54952e464D,4e848cab-08db-4fd2-9110-b6540b34eee4,Operations Guild's Creator Gigs,90,2022-07-12 8:43:44,USDC,0x2791Bca1f2de4661ED88A30C99A7a9449Aa84174,0x8f8a41877dac0011196e1a679ee537f39ed17f61acbb93fbd5c44bd4bdb50de5,0x0aaf4a4820eababf01fef47e74008a03cea08ae63308c2adcd370bcbbeca8a42
b6212fd3-74af-469a-ac7d-9dbe6c4ba50f,Data and Insights Creator,,sumbo,0xf14B772F060F1315CAce35aF31955f54952e464D,4e848cab-08db-4fd2-9110-b6540b34eee4,Operations Guild's Creator Gigs,90,2022-08-05 6:53:41,USDC,0xA0b86991c6218b36c1d19D4a2e9Eb0cE3606eB48,0x51f40057bd50b31c774076518bc9a45f42203545076cc321c206accf69ad879e,0xb6411a3bc28f9e2d2e67fa640fdd0a996bae3ef69e2899e27f1fb21fd9696687
b6212fd3-74af-469a-ac7d-9dbe6c4ba50f,Data and Insights Creator,,sumbo,0xf14B772F060F1315CAce35aF31955f54952e464D,4e848cab-08db-4fd2-9110-b6540b34eee4,Operations Guild's Creator Gigs,4.95,2022-08-05 6:53:41,ANT,0xa117000000f279D81A1D3cc75430fAA017FA5A2e,0x51f40057bd50b31c774076518bc9a45f42203545076cc321c206accf69ad879e,0xb6411a3bc28f9e2d2e67fa640fdd0a996bae3ef69e2899e27f1fb21fd9696687
96606ad7-a862-4c34-ac3b-f7f03b3b9d9b,RMRF Planning Design,,sumbo,0xf14B772F060F1315CAce35aF31955f54952e464D,040610af-05e7-41d2-9587-6faf39b63185,Data and Insights Squad Creator Gigs,50,2022-09-12 16:32:28,ANT,0xa117000000f279D81A1D3cc75430fAA017FA5A2e,0x09b578d83b1cfbb63120986523a767905cdcda15467a35ba39b8abfd3bcd3d59,0x8590990bbc8fc00266fe15987dab28c6ac14b697e920baa895689d0d7ae6b9d9
bb9fdb68-8b7f-4f04-a20f-36fd164a5c85,Content Bounty,,kirstin,0xE238982EAc6221836C183450b4a10e2a418500ED,ef7c1446-66d2-4b8c-a7f3-b10f629447d3,Growth Squad Bounties,360,2022-07-12 8:43:44,USDC,0x2791Bca1f2de4661ED88A30C99A7a9449Aa84174,0x8f8a41877dac0011196e1a679ee537f39ed17f61acbb93fbd5c44bd4bdb50de5,0x0aaf4a4820eababf01fef47e74008a03cea08ae63308c2adcd370bcbbeca8a42
8f2bff9d-ac35-408a-8f21-271c3bec3dca,"Content Bounty - ""How To Guide's""",,kirstin,0xE238982EAc6221836C183450b4a10e2a418500ED,ef7c1446-66d2-4b8c-a7f3-b10f629447d3,Growth Squad Bounties,39.6,2022-08-05 6:53:41,ANT,0xa117000000f279D81A1D3cc75430fAA017FA5A2e,0x51f40057bd50b31c774076518bc9a45f42203545076cc321c206accf69ad879e,0xb6411a3bc28f9e2d2e67fa640fdd0a996bae3ef69e2899e27f1fb21fd9696687
8f2bff9d-ac35-408a-8f21-271c3bec3dca,"Content Bounty - ""How To Guide's""",,kirstin,0xE238982EAc6221836C183450b4a10e2a418500ED,ef7c1446-66d2-4b8c-a7f3-b10f629447d3,Growth Squad Bounties,720.07,2022-08-05 6:53:41,USDC,0xA0b86991c6218b36c1d19D4a2e9Eb0cE3606eB48,0x51f40057bd50b31c774076518bc9a45f42203545076cc321c206accf69ad879e,0xb6411a3bc28f9e2d2e67fa640fdd0a996bae3ef69e2899e27f1fb21fd9696687
c9a13b12-a929-42e7-ac2a-63476a7600bd,AUG dGov S1 Twitter Review,,kirstin,0xE238982EAc6221836C183450b4a10e2a418500ED,dced4009-2ada-45cb-84cb-f5c228e0a3b0,dGov Creator Gigs,6.45,2022-09-12 11:46:53,ANT,0xa117000000f279D81A1D3cc75430fAA017FA5A2e,0xb18cbdb3e0833e3021ac3289bc571cf2d43542bd695bfebc59811571d3f416e4,0x95726e594d443af7de29512fc23fb89e0c0aada041357a60ef8ea138502fcbad
c9a13b12-a929-42e7-ac2a-63476a7600bd,AUG dGov S1 Twitter Review,,kirstin,0xE238982EAc6221836C183450b4a10e2a418500ED,dced4009-2ada-45cb-84cb-f5c228e0a3b0,dGov Creator Gigs,108,2022-09-12 11:46:53,USDC,0xA0b86991c6218b36c1d19D4a2e9Eb0cE3606eB48,0xb18cbdb3e0833e3021ac3289bc571cf2d43542bd695bfebc59811571d3f416e4,0x95726e594d443af7de29512fc23fb89e0c0aada041357a60ef8ea138502fcbad
f087f390-ed38-4638-8ad8-011641aae17d,ANT,,kirstin,0xE238982EAc6221836C183450b4a10e2a418500ED,ef7c1446-66d2-4b8c-a7f3-b10f629447d3,Growth Squad Bounties,25.48,2022-07-12 8:45:40,ANT,0xa117000000f279D81A1D3cc75430fAA017FA5A2e,0xd0f8eaf53183aab05430cdd46d45b35cba63e6549b51dfda975f4b30c3b135b4,0x2837e0f276c39370fb65e5a1ec819b60c41fbd4f2ef5b26d14117b1a0cd1dcfe
606b7d29-102a-4f20-b533-0ac2395d4e67,July Shadow accounting bounty (recurring),0,andrewfowl,0xDA40F1901Cd344b9412fE25444133FdfD413a42d,e2719687-3d93-4f11-b251-d30db200b16d,Finance Squad ,,2022-07-29 13:11:56,USDC,0xA0b86991c6218b36c1d19D4a2e9Eb0cE3606eB48,,
606b7d29-102a-4f20-b533-0ac2395d4e67,July Shadow accounting bounty (recurring),0,andrewfowl,0xDA40F1901Cd344b9412fE25444133FdfD413a42d,e2719687-3d93-4f11-b251-d30db200b16d,Finance Squad ,,2022-07-29 13:11:56,ANT,0xa117000000f279D81A1D3cc75430fAA017FA5A2e,,
5e65aa99-bf99-404e-af9a-402ced891032,JULY Governance Analysts -Performance 2/2,,samkim,0x62ccd316e91EE0A0448E97251CdfA4dc660F34dc,dced4009-2ada-45cb-84cb-f5c228e0a3b0,dGov Creator Gigs,562,2022-07-29 13:11:56,USDC,0xA0b86991c6218b36c1d19D4a2e9Eb0cE3606eB48,0xb1dc67f28fb59e2727bd743d481ae92cd3c12538e916ec984f263d846cc3a159,0x2ed5244007567f706e4e99417bf6e8e3eaf2eef1af549dca2b1b696d5c354820
c949ae3b-8817-4ac6-9eb0-dabaeb3a816f,June Governance Analysts,,samkim,0x62ccd316e91EE0A0448E97251CdfA4dc660F34dc,dced4009-2ada-45cb-84cb-f5c228e0a3b0,dGov Creator Gigs,382.5,2022-07-12 8:43:44,USDC,0x2791Bca1f2de4661ED88A30C99A7a9449Aa84174,0x8f8a41877dac0011196e1a679ee537f39ed17f61acbb93fbd5c44bd4bdb50de5,0x0aaf4a4820eababf01fef47e74008a03cea08ae63308c2adcd370bcbbeca8a42
fbcf6f20-0411-413b-be6b-28041171aa3d,JULY Governance Analysts - Baselines 2/2,,samkim,0x62ccd316e91EE0A0448E97251CdfA4dc660F34dc,dced4009-2ada-45cb-84cb-f5c228e0a3b0,dGov Creator Gigs,562,2022-07-29 13:11:56,USDC,0xA0b86991c6218b36c1d19D4a2e9Eb0cE3606eB48,0xb1dc67f28fb59e2727bd743d481ae92cd3c12538e916ec984f263d846cc3a159,0x2ed5244007567f706e4e99417bf6e8e3eaf2eef1af549dca2b1b696d5c354820
bc4429ab-5389-4d1b-8da9-5dedb3e54232,June Governance Analysts (Copy),,samkim,0x62ccd316e91EE0A0448E97251CdfA4dc660F34dc,dced4009-2ada-45cb-84cb-f5c228e0a3b0,dGov Creator Gigs,27.07,2022-07-12 8:45:40,ANT,0xa117000000f279D81A1D3cc75430fAA017FA5A2e,0xd0f8eaf53183aab05430cdd46d45b35cba63e6549b51dfda975f4b30c3b135b4,0x2837e0f276c39370fb65e5a1ec819b60c41fbd4f2ef5b26d14117b1a0cd1dcfe
fbcf6f20-0411-413b-be6b-28041171aa3d,JULY Governance Analysts - Baselines 2/2,,samkim,0x62ccd316e91EE0A0448E97251CdfA4dc660F34dc,dced4009-2ada-45cb-84cb-f5c228e0a3b0,dGov Creator Gigs,32.31,2022-07-29 13:11:56,ANT,0xa117000000f279D81A1D3cc75430fAA017FA5A2e,0xb1dc67f28fb59e2727bd743d481ae92cd3c12538e916ec984f263d846cc3a159,0x2ed5244007567f706e4e99417bf6e8e3eaf2eef1af549dca2b1b696d5c354820
5e65aa99-bf99-404e-af9a-402ced891032,JULY Governance Analysts -Performance 2/2,,samkim,0x62ccd316e91EE0A0448E97251CdfA4dc660F34dc,dced4009-2ada-45cb-84cb-f5c228e0a3b0,dGov Creator Gigs,32.31,2022-07-29 13:11:56,ANT,0xa117000000f279D81A1D3cc75430fAA017FA5A2e,0xb1dc67f28fb59e2727bd743d481ae92cd3c12538e916ec984f263d846cc3a159,0x2ed5244007567f706e4e99417bf6e8e3eaf2eef1af549dca2b1b696d5c354820
ae53ab8b-ebc0-45e8-9b0a-b7b1a544a6ce,JULY Governance Analysts -Perforamance1/2,,Fabs,0xbF0f24fD34bC76CD6d8Eb37cc99d4477ed3a98FB,dced4009-2ada-45cb-84cb-f5c228e0a3b0,dGov Creator Gigs,,2022-07-29 13:11:56,ANT,0xa117000000f279D81A1D3cc75430fAA017FA5A2e,,
ae53ab8b-ebc0-45e8-9b0a-b7b1a544a6ce,JULY Governance Analysts -Perforamance1/2,,Fabs,0xbF0f24fD34bC76CD6d8Eb37cc99d4477ed3a98FB,dced4009-2ada-45cb-84cb-f5c228e0a3b0,dGov Creator Gigs,,2022-07-29 13:11:56,USDC,0xA0b86991c6218b36c1d19D4a2e9Eb0cE3606eB48,,
8c9aeb30-99bc-4d3d-9067-7351bb3199fe,June Goverance Analysts,,Fabs,0xbF0f24fD34bC76CD6d8Eb37cc99d4477ed3a98FB,dced4009-2ada-45cb-84cb-f5c228e0a3b0,dGov Creator Gigs,,2022-07-12 8:43:44,USDC,0x2791Bca1f2de4661ED88A30C99A7a9449Aa84174,,
a6d8b848-c0be-4428-b41f-ca8dfe77064c,Self Care with Fabs,,Fabs,0xbF0f24fD34bC76CD6d8Eb37cc99d4477ed3a98FB,88350f86-57f0-4d70-a805-1afe5a1f63d3,Community Experience Squad Open Bounties,,2022-08-17 12:48:24,USDC,0xA0b86991c6218b36c1d19D4a2e9Eb0cE3606eB48,,
9c689a29-cc42-4fe3-9819-f9ce4148f290,JULY dGov Insight Survey,,Fabs,0xbF0f24fD34bC76CD6d8Eb37cc99d4477ed3a98FB,dced4009-2ada-45cb-84cb-f5c228e0a3b0,dGov Creator Gigs,,2022-07-29 13:11:56,ANT,0xa117000000f279D81A1D3cc75430fAA017FA5A2e,,
9c689a29-cc42-4fe3-9819-f9ce4148f290,JULY dGov Insight Survey,,Fabs,0xbF0f24fD34bC76CD6d8Eb37cc99d4477ed3a98FB,dced4009-2ada-45cb-84cb-f5c228e0a3b0,dGov Creator Gigs,,2022-07-29 13:11:56,USDC,0xA0b86991c6218b36c1d19D4a2e9Eb0cE3606eB48,,
f3cfddee-62aa-4252-8b02-1b7a9742f79d,10% ANT,,Fabs,0xbF0f24fD34bC76CD6d8Eb37cc99d4477ed3a98FB,88350f86-57f0-4d70-a805-1afe5a1f63d3,Community Experience Squad Open Bounties,,2022-07-12 8:45:40,ANT,0xa117000000f279D81A1D3cc75430fAA017FA5A2e,,
3a905f9c-60d7-406c-b848-a9ddcd1aa723,Self Care with Fabs - August,,Fabs,0xbF0f24fD34bC76CD6d8Eb37cc99d4477ed3a98FB,c2bdf75d-4cf0-4865-bd90-22cf627d4d7d,Community Creator Gigs,,2022-09-12 15:15:41,ANT,0xa117000000f279D81A1D3cc75430fAA017FA5A2e,,
3a905f9c-60d7-406c-b848-a9ddcd1aa723,Self Care with Fabs - August,,Fabs,0xbF0f24fD34bC76CD6d8Eb37cc99d4477ed3a98FB,c2bdf75d-4cf0-4865-bd90-22cf627d4d7d,Community Creator Gigs,,2022-09-12 15:15:41,USDC,0xA0b86991c6218b36c1d19D4a2e9Eb0cE3606eB48,,
d940b8b3-e21b-40ab-ae25-2c552473e676,June Baseline Survey,,Fabs,0xbF0f24fD34bC76CD6d8Eb37cc99d4477ed3a98FB,dced4009-2ada-45cb-84cb-f5c228e0a3b0,dGov Creator Gigs,,2022-07-12 8:43:44,USDC,0x2791Bca1f2de4661ED88A30C99A7a9449Aa84174,,
99deb02f-cc18-4936-b12b-6ea03c5300ec,Social Media Survey,,Fabs,0xbF0f24fD34bC76CD6d8Eb37cc99d4477ed3a98FB,ef7c1446-66d2-4b8c-a7f3-b10f629447d3,Growth Squad Bounties,,2022-08-17 12:48:24,ANT,0xa117000000f279D81A1D3cc75430fAA017FA5A2e,,
99deb02f-cc18-4936-b12b-6ea03c5300ec,Social Media Survey,,Fabs,0xbF0f24fD34bC76CD6d8Eb37cc99d4477ed3a98FB,ef7c1446-66d2-4b8c-a7f3-b10f629447d3,Growth Squad Bounties,,2022-08-17 12:48:24,USDC,0xA0b86991c6218b36c1d19D4a2e9Eb0cE3606eB48,,
7a61571d-afd6-4e07-96ae-d5498580c096,June Baseline Survey (Copy),,Fabs,0xbF0f24fD34bC76CD6d8Eb37cc99d4477ed3a98FB,dced4009-2ada-45cb-84cb-f5c228e0a3b0,dGov Creator Gigs,,2022-07-12 8:45:40,ANT,0xa117000000f279D81A1D3cc75430fAA017FA5A2e,,
b5f18e7d-cc3b-482a-83e8-aa5a2b2f272c,June Governance Analysts (Copy),,Fabs,0xbF0f24fD34bC76CD6d8Eb37cc99d4477ed3a98FB,dced4009-2ada-45cb-84cb-f5c228e0a3b0,dGov Creator Gigs,,2022-07-12 8:45:40,ANT,0xa117000000f279D81A1D3cc75430fAA017FA5A2e,,
a6d8b848-c0be-4428-b41f-ca8dfe77064c,Self Care with Fabs,,Fabs,0xbF0f24fD34bC76CD6d8Eb37cc99d4477ed3a98FB,88350f86-57f0-4d70-a805-1afe5a1f63d3,Community Experience Squad Open Bounties,,2022-08-17 12:48:24,ANT,0xa117000000f279D81A1D3cc75430fAA017FA5A2e,,
32640085-2927-4b78-b9ad-e1280758bc09,JULY Governance Analysts - Baselines 1/2,,Fabs,0xbF0f24fD34bC76CD6d8Eb37cc99d4477ed3a98FB,dced4009-2ada-45cb-84cb-f5c228e0a3b0,dGov Creator Gigs,,2022-07-29 13:11:56,USDC,0xA0b86991c6218b36c1d19D4a2e9Eb0cE3606eB48,,
32640085-2927-4b78-b9ad-e1280758bc09,JULY Governance Analysts - Baselines 1/2,,Fabs,0xbF0f24fD34bC76CD6d8Eb37cc99d4477ed3a98FB,dced4009-2ada-45cb-84cb-f5c228e0a3b0,dGov Creator Gigs,,2022-07-29 13:11:56,ANT,0xa117000000f279D81A1D3cc75430fAA017FA5A2e,,
53bf9c97-c6a9-4ecc-9967-1ce2054cf472,Self Care with Fabs,,Fabs,0xbF0f24fD34bC76CD6d8Eb37cc99d4477ed3a98FB,88350f86-57f0-4d70-a805-1afe5a1f63d3,Community Experience Squad Open Bounties,,2022-07-12 8:43:44,USDC,0x2791Bca1f2de4661ED88A30C99A7a9449Aa84174,,
22718a2b-201b-4a4b-b7c8-9af316444d60,"Translation of ""What Is It Like to Join a DAO?"" article to Russian",2,Evgeniya4V,0x3b9A83D530d6CF5a00A658973ABa99AFA75F2A98,4e848cab-08db-4fd2-9110-b6540b34eee4,Operations Guild's Creator Gigs,180,2022-07-12 8:43:44,USDC,0x2791Bca1f2de4661ED88A30C99A7a9449Aa84174,0x8f8a41877dac0011196e1a679ee537f39ed17f61acbb93fbd5c44bd4bdb50de5,0x0aaf4a4820eababf01fef47e74008a03cea08ae63308c2adcd370bcbbeca8a42
b0fecf92-4e3d-4b93-8b7f-3dfd3976877d,ANT,,Evgeniya4V,0x3b9A83D530d6CF5a00A658973ABa99AFA75F2A98,4e848cab-08db-4fd2-9110-b6540b34eee4,Operations Guild's Creator Gigs,12.74,2022-07-12 8:45:40,ANT,0xa117000000f279D81A1D3cc75430fAA017FA5A2e,0xd0f8eaf53183aab05430cdd46d45b35cba63e6549b51dfda975f4b30c3b135b4,0x2837e0f276c39370fb65e5a1ec819b60c41fbd4f2ef5b26d14117b1a0cd1dcfe
6613ac9f-9058-4684-9ad9-b0d1c2713354,June Campfire #1 Support,,Renzo D5,0x489aDd7680605f6Fc4806595CD75E65D7F1675Eb,dced4009-2ada-45cb-84cb-f5c228e0a3b0,dGov Creator Gigs,135,2022-07-12 8:43:44,USDC,0x2791Bca1f2de4661ED88A30C99A7a9449Aa84174,0x8f8a41877dac0011196e1a679ee537f39ed17f61acbb93fbd5c44bd4bdb50de5,0x0aaf4a4820eababf01fef47e74008a03cea08ae63308c2adcd370bcbbeca8a42
7e6bd3e5-7774-41bf-9a05-ace3b71a2cee,June Campfire #1 Support (Copy),,Renzo D5,0x489aDd7680605f6Fc4806595CD75E65D7F1675Eb,dced4009-2ada-45cb-84cb-f5c228e0a3b0,dGov Creator Gigs,9.55,2022-07-12 8:45:40,ANT,0xa117000000f279D81A1D3cc75430fAA017FA5A2e,0xd0f8eaf53183aab05430cdd46d45b35cba63e6549b51dfda975f4b30c3b135b4,0x2837e0f276c39370fb65e5a1ec819b60c41fbd4f2ef5b26d14117b1a0cd1dcfe
4adf6f8f-9dbc-4ca6-9950-48aae685c674,June dGov upload to deWork,,Anukriti,0xaE8b5F6638a8F3C76E2F4656cfd2B0b523307302,dced4009-2ada-45cb-84cb-f5c228e0a3b0,dGov Creator Gigs,225,2022-07-12 8:43:44,USDC,0x2791Bca1f2de4661ED88A30C99A7a9449Aa84174,0x8f8a41877dac0011196e1a679ee537f39ed17f61acbb93fbd5c44bd4bdb50de5,0x0aaf4a4820eababf01fef47e74008a03cea08ae63308c2adcd370bcbbeca8a42
e864d163-540f-42b1-8438-63956c78f8db,June dGov upload to deWork (Copy),,Anukriti,0xaE8b5F6638a8F3C76E2F4656cfd2B0b523307302,dced4009-2ada-45cb-84cb-f5c228e0a3b0,dGov Creator Gigs,15.92,2022-07-12 8:45:40,ANT,0xa117000000f279D81A1D3cc75430fAA017FA5A2e,0xd0f8eaf53183aab05430cdd46d45b35cba63e6549b51dfda975f4b30c3b135b4,0x2837e0f276c39370fb65e5a1ec819b60c41fbd4f2ef5b26d14117b1a0cd1dcfe
7f689ede-8b99-4b29-8b9e-c0c6df69855f,"Translation of ""What is a DAO?"" article to Ukrainian",2,Azub,0x7C50aCcd5125d846Bc49A71D77E366De2eFbd222,4e848cab-08db-4fd2-9110-b6540b34eee4,Operations Guild's Creator Gigs,180,2022-06-19 13:34:10,USDC,0xA0b86991c6218b36c1d19D4a2e9Eb0cE3606eB48,0xda932fd3af8a8c41ba79666909a63fcf4af055e60614b032ce31290a44097028,0x43ef30e1b11fe15c7f2cb27eaf3eeb9ba74e376aeb1e7dd4b43b99ebfbba4a4c
b11b0327-9388-45c6-a120-ea1f4c7ae660,ANT,,Azub,0x7C50aCcd5125d846Bc49A71D77E366De2eFbd222,4e848cab-08db-4fd2-9110-b6540b34eee4,Operations Guild's Creator Gigs,15.04,2022-06-19 13:34:10,ANT,0xa117000000f279D81A1D3cc75430fAA017FA5A2e,0xda932fd3af8a8c41ba79666909a63fcf4af055e60614b032ce31290a44097028,0x43ef30e1b11fe15c7f2cb27eaf3eeb9ba74e376aeb1e7dd4b43b99ebfbba4a4c
ec5c60fc-06d5-48b8-a8b4-3ab5a09f53f2,ANT split,,aclay.eth,0x580e5E54055d087D7F012dD43e54cceaE9ce4265,e2719687-3d93-4f11-b251-d30db200b16d,Finance Squad ,,2022-06-16 13:01:50,ANT,0xa117000000f279D81A1D3cc75430fAA017FA5A2e,,
1a6a8b06-b276-4bfb-b7c3-0319299c7ced,July: Providing advise / guidance within the Finance Squad,,aclay.eth,0x580e5E54055d087D7F012dD43e54cceaE9ce4265,e2719687-3d93-4f11-b251-d30db200b16d,Finance Squad ,,2022-07-29 13:11:56,USDC,0xA0b86991c6218b36c1d19D4a2e9Eb0cE3606eB48,,
1a6a8b06-b276-4bfb-b7c3-0319299c7ced,July: Providing advise / guidance within the Finance Squad,,aclay.eth,0x580e5E54055d087D7F012dD43e54cceaE9ce4265,e2719687-3d93-4f11-b251-d30db200b16d,Finance Squad ,,2022-07-29 13:11:56,ANT,0xa117000000f279D81A1D3cc75430fAA017FA5A2e,,
ed38f041-8743-4522-9689-1503ca9dae07,June: Providing advise / guidance within the Finance Squad,,aclay.eth,0x580e5E54055d087D7F012dD43e54cceaE9ce4265,e2719687-3d93-4f11-b251-d30db200b16d,Finance Squad ,,2022-07-12 8:43:44,USDC,0x2791Bca1f2de4661ED88A30C99A7a9449Aa84174,,
09ef5d72-ce32-4b02-bffb-45dd0d33fe40,May: Providing advise / guidance within the Finance Squad,,aclay.eth,0x580e5E54055d087D7F012dD43e54cceaE9ce4265,e2719687-3d93-4f11-b251-d30db200b16d,Finance Squad ,,2022-06-16 12:58:31,USDC,0x2791Bca1f2de4661ED88A30C99A7a9449Aa84174,,
1ae3e142-0c2a-4f50-b6ac-d81ac63eed1f,April: Providing advise / guidance within the Finance Squa,,aclay.eth,0x580e5E54055d087D7F012dD43e54cceaE9ce4265,e2719687-3d93-4f11-b251-d30db200b16d,Finance Squad ,,2022-06-16 12:58:31,USDC,0x2791Bca1f2de4661ED88A30C99A7a9449Aa84174,,
e279aec2-4a27-4ef0-96d3-5ac11266810d,ANT split,,aclay.eth,0x580e5E54055d087D7F012dD43e54cceaE9ce4265,e2719687-3d93-4f11-b251-d30db200b16d,Finance Squad ,,2022-06-16 13:01:50,ANT,0xa117000000f279D81A1D3cc75430fAA017FA5A2e,,
fbf9a2b4-7776-4c75-ae20-231e464a2b26,ANT split,,aclay.eth,0x580e5E54055d087D7F012dD43e54cceaE9ce4265,e2719687-3d93-4f11-b251-d30db200b16d,Finance Squad ,,2022-07-12 8:45:40,ANT,0xa117000000f279D81A1D3cc75430fAA017FA5A2e,,
2593eb3b-4ec5-4dea-9a37-f97041dd72e8,AUG Quadratic Voting Fixes to Voting,,freshelle,0x38f80f8f76B1C44B2beeFB63bb561F570fb6ddB6,dced4009-2ada-45cb-84cb-f5c228e0a3b0,dGov Creator Gigs,21.51,2022-09-12 11:46:53,ANT,0xa117000000f279D81A1D3cc75430fAA017FA5A2e,0xb18cbdb3e0833e3021ac3289bc571cf2d43542bd695bfebc59811571d3f416e4,0x95726e594d443af7de29512fc23fb89e0c0aada041357a60ef8ea138502fcbad
2593eb3b-4ec5-4dea-9a37-f97041dd72e8,AUG Quadratic Voting Fixes to Voting,,freshelle,0x38f80f8f76B1C44B2beeFB63bb561F570fb6ddB6,dced4009-2ada-45cb-84cb-f5c228e0a3b0,dGov Creator Gigs,360,2022-09-12 11:46:53,USDC,0xA0b86991c6218b36c1d19D4a2e9Eb0cE3606eB48,0xb18cbdb3e0833e3021ac3289bc571cf2d43542bd695bfebc59811571d3f416e4,0x95726e594d443af7de29512fc23fb89e0c0aada041357a60ef8ea138502fcbad
86bd6027-0814-449d-afbb-40e817dea1da,June Knowledge Catalyst (Copy),,MikeAnanyin[MetaBelarus],0x6bD6FFD1c35A3F9732167D900bA38227253Ba913,dced4009-2ada-45cb-84cb-f5c228e0a3b0,dGov Creator Gigs,,2022-07-12 8:45:40,ANT,0xa117000000f279D81A1D3cc75430fAA017FA5A2e,,
42c4eaef-ddbc-49c9-8721-2d2b5bd4876f,June Knowledge Catalyst,,MikeAnanyin[MetaBelarus],0x6bD6FFD1c35A3F9732167D900bA38227253Ba913,dced4009-2ada-45cb-84cb-f5c228e0a3b0,dGov Creator Gigs,,2022-07-12 8:43:44,USDC,0x2791Bca1f2de4661ED88A30C99A7a9449Aa84174,,
f9482c09-1541-40b0-bd2c-730f98d0f7ce,AUG Knowledge Catalysts 3/3,,MikeAnanyin[MetaBelarus],0x6bD6FFD1c35A3F9732167D900bA38227253Ba913,dced4009-2ada-45cb-84cb-f5c228e0a3b0,dGov Creator Gigs,,2022-09-12 11:46:53,ANT,0xa117000000f279D81A1D3cc75430fAA017FA5A2e,,
fa644537-3a96-47bf-9fe2-3a36e123827c,JULY Knowledge Calalysts 1/3,,MikeAnanyin[MetaBelarus],0x6bD6FFD1c35A3F9732167D900bA38227253Ba913,dced4009-2ada-45cb-84cb-f5c228e0a3b0,dGov Creator Gigs,,2022-07-29 13:11:56,USDC,0xA0b86991c6218b36c1d19D4a2e9Eb0cE3606eB48,,
fa644537-3a96-47bf-9fe2-3a36e123827c,JULY Knowledge Calalysts 1/3,,MikeAnanyin[MetaBelarus],0x6bD6FFD1c35A3F9732167D900bA38227253Ba913,dced4009-2ada-45cb-84cb-f5c228e0a3b0,dGov Creator Gigs,,2022-07-29 13:11:56,ANT,0xa117000000f279D81A1D3cc75430fAA017FA5A2e,,
f9482c09-1541-40b0-bd2c-730f98d0f7ce,AUG Knowledge Catalysts 3/3,,MikeAnanyin[MetaBelarus],0x6bD6FFD1c35A3F9732167D900bA38227253Ba913,dced4009-2ada-45cb-84cb-f5c228e0a3b0,dGov Creator Gigs,,2022-09-12 11:46:53,USDC,0xA0b86991c6218b36c1d19D4a2e9Eb0cE3606eB48,,
77ea5f77-4918-4a8f-bc51-b3a353936b9e,"Translation of ""How to Join a DAO"" article to Russian",2,callsense,0x0aEAf6522Ca53032647e4432B6BEE722bc7AAc0e,4e848cab-08db-4fd2-9110-b6540b34eee4,Operations Guild's Creator Gigs,180,2022-06-19 13:34:10,USDC,0xA0b86991c6218b36c1d19D4a2e9Eb0cE3606eB48,0xda932fd3af8a8c41ba79666909a63fcf4af055e60614b032ce31290a44097028,0x43ef30e1b11fe15c7f2cb27eaf3eeb9ba74e376aeb1e7dd4b43b99ebfbba4a4c
497abfff-afde-402b-9251-f1546377f08c,ANT,,callsense,0x0aEAf6522Ca53032647e4432B6BEE722bc7AAc0e,4e848cab-08db-4fd2-9110-b6540b34eee4,Operations Guild's Creator Gigs,15.04,2022-06-19 13:34:10,ANT,0xa117000000f279D81A1D3cc75430fAA017FA5A2e,0xda932fd3af8a8c41ba79666909a63fcf4af055e60614b032ce31290a44097028,0x43ef30e1b11fe15c7f2cb27eaf3eeb9ba74e376aeb1e7dd4b43b99ebfbba4a4c
30cecceb-5fe8-4519-a443-a4804d89e363,Thorough test/ review of new App: https://staging-app.aragon.org/ (DTG.P1.M7.N495),,barukimang,0x42c9A3f034592C39028AEa70A6e69Fbc6cCf6C31,23383847-d1ae-4b41-99db-9eb3da4e7cc0,dTech Creator Gigs,576.12,2022-08-17 12:48:24,USDC,0xA0b86991c6218b36c1d19D4a2e9Eb0cE3606eB48,0xbc4784ca0e770abb0a82778e9c71acd88da3583fa2cab8594e7ddac9a2fdb97c,0xecc68ada5aa8b56fe2412135c5604089f5134f001412008fa1c756d1f0c56576
3518cc5a-0506-450a-94b1-7c7719362974,Recreating/ Debugging Tech Doc. IV Part Dev (Govern + Vocdoni) (DTG.P2.M5.N8),,barukimang,0x42c9A3f034592C39028AEa70A6e69Fbc6cCf6C31,8ba60052-2213-4cfb-8443-ff1b9c61de1a,Aragon Technical Documentation,864,2022-07-12 8:43:44,USDC,0x2791Bca1f2de4661ED88A30C99A7a9449Aa84174,0x8f8a41877dac0011196e1a679ee537f39ed17f61acbb93fbd5c44bd4bdb50de5,0x0aaf4a4820eababf01fef47e74008a03cea08ae63308c2adcd370bcbbeca8a42
3df81ed4-bd4b-4481-97d0-9b64b88c602d,Producing 'Showing Around Aragon Client' Video (DTG.P1.M6.N475),,barukimang,0x42c9A3f034592C39028AEa70A6e69Fbc6cCf6C31,23383847-d1ae-4b41-99db-9eb3da4e7cc0,dTech Creator Gigs,135,2022-08-17 12:48:24,USDC,0xA0b86991c6218b36c1d19D4a2e9Eb0cE3606eB48,0xbc4784ca0e770abb0a82778e9c71acd88da3583fa2cab8594e7ddac9a2fdb97c,0xecc68ada5aa8b56fe2412135c5604089f5134f001412008fa1c756d1f0c56576
3df81ed4-bd4b-4481-97d0-9b64b88c602d,Producing 'Showing Around Aragon Client' Video (DTG.P1.M6.N475),,barukimang,0x42c9A3f034592C39028AEa70A6e69Fbc6cCf6C31,23383847-d1ae-4b41-99db-9eb3da4e7cc0,dTech Creator Gigs,7.54,2022-08-17 12:48:24,ANT,0xa117000000f279D81A1D3cc75430fAA017FA5A2e,0xbc4784ca0e770abb0a82778e9c71acd88da3583fa2cab8594e7ddac9a2fdb97c,0xecc68ada5aa8b56fe2412135c5604089f5134f001412008fa1c756d1f0c56576
035408b8-53a1-4690-b7bf-e377102d77ca,Producing 'How to Create a Legal Wrapper' Video (DTG.P1.M6.N405),,barukimang,0x42c9A3f034592C39028AEa70A6e69Fbc6cCf6C31,23383847-d1ae-4b41-99db-9eb3da4e7cc0,dTech Creator Gigs,18.59,2022-08-17 12:48:24,ANT,0xa117000000f279D81A1D3cc75430fAA017FA5A2e,0xbc4784ca0e770abb0a82778e9c71acd88da3583fa2cab8594e7ddac9a2fdb97c,0xecc68ada5aa8b56fe2412135c5604089f5134f001412008fa1c756d1f0c56576
035408b8-53a1-4690-b7bf-e377102d77ca,Producing 'How to Create a Legal Wrapper' Video (DTG.P1.M6.N405),,barukimang,0x42c9A3f034592C39028AEa70A6e69Fbc6cCf6C31,23383847-d1ae-4b41-99db-9eb3da4e7cc0,dTech Creator Gigs,333,2022-08-17 12:48:24,USDC,0xA0b86991c6218b36c1d19D4a2e9Eb0cE3606eB48,0xbc4784ca0e770abb0a82778e9c71acd88da3583fa2cab8594e7ddac9a2fdb97c,0xecc68ada5aa8b56fe2412135c5604089f5134f001412008fa1c756d1f0c56576
4d03dffb-74e9-438b-9659-4e83b178b541,10% ANT,,barukimang,0x42c9A3f034592C39028AEa70A6e69Fbc6cCf6C31,4e848cab-08db-4fd2-9110-b6540b34eee4,Operations Guild's Creator Gigs,31.85,2022-07-12 8:45:40,ANT,0xa117000000f279D81A1D3cc75430fAA017FA5A2e,0xd0f8eaf53183aab05430cdd46d45b35cba63e6549b51dfda975f4b30c3b135b4,0x2837e0f276c39370fb65e5a1ec819b60c41fbd4f2ef5b26d14117b1a0cd1dcfe
da21b034-3d8f-4d67-accb-93e7a520431d,DTG.P2.M5.N8 10% ANT,,barukimang,0x42c9A3f034592C39028AEa70A6e69Fbc6cCf6C31,8ba60052-2213-4cfb-8443-ff1b9c61de1a,Aragon Technical Documentation,61.15,2022-07-12 8:45:40,ANT,0xa117000000f279D81A1D3cc75430fAA017FA5A2e,0xd0f8eaf53183aab05430cdd46d45b35cba63e6549b51dfda975f4b30c3b135b4,0x2837e0f276c39370fb65e5a1ec819b60c41fbd4f2ef5b26d14117b1a0cd1dcfe
9b0f8ce6-bc68-4659-9b79-eb5f90f4e300,Humanode integration with Aragon (P1.M2.N1),,barukimang,0x42c9A3f034592C39028AEa70A6e69Fbc6cCf6C31,4e848cab-08db-4fd2-9110-b6540b34eee4,Operations Guild's Creator Gigs,450,2022-07-12 8:43:44,USDC,0x2791Bca1f2de4661ED88A30C99A7a9449Aa84174,0x8f8a41877dac0011196e1a679ee537f39ed17f61acbb93fbd5c44bd4bdb50de5,0x0aaf4a4820eababf01fef47e74008a03cea08ae63308c2adcd370bcbbeca8a42
5ad3ea18-da9c-4648-a655-50e8a1ce2ac2,Create dTech Reporting Template Prototype PoC (DTG.P1.M7.N498),,barukimang,0x42c9A3f034592C39028AEa70A6e69Fbc6cCf6C31,23383847-d1ae-4b41-99db-9eb3da4e7cc0,dTech Creator Gigs,40.2,2022-08-17 12:48:24,ANT,0xa117000000f279D81A1D3cc75430fAA017FA5A2e,0xbc4784ca0e770abb0a82778e9c71acd88da3583fa2cab8594e7ddac9a2fdb97c,0xecc68ada5aa8b56fe2412135c5604089f5134f001412008fa1c756d1f0c56576
5ad3ea18-da9c-4648-a655-50e8a1ce2ac2,Create dTech Reporting Template Prototype PoC (DTG.P1.M7.N498),,barukimang,0x42c9A3f034592C39028AEa70A6e69Fbc6cCf6C31,23383847-d1ae-4b41-99db-9eb3da4e7cc0,dTech Creator Gigs,720.14,2022-08-17 12:48:24,USDC,0xA0b86991c6218b36c1d19D4a2e9Eb0cE3606eB48,0xbc4784ca0e770abb0a82778e9c71acd88da3583fa2cab8594e7ddac9a2fdb97c,0xecc68ada5aa8b56fe2412135c5604089f5134f001412008fa1c756d1f0c56576
7a22324c-65d3-4b14-997d-f1c98b61eacf,Create dTech Reporting Template MVP (DTG.P1.M7.N497),,barukimang,0x42c9A3f034592C39028AEa70A6e69Fbc6cCf6C31,23383847-d1ae-4b41-99db-9eb3da4e7cc0,dTech Creator Gigs,576.12,2022-08-17 12:48:24,USDC,0xA0b86991c6218b36c1d19D4a2e9Eb0cE3606eB48,0xbc4784ca0e770abb0a82778e9c71acd88da3583fa2cab8594e7ddac9a2fdb97c,0xecc68ada5aa8b56fe2412135c5604089f5134f001412008fa1c756d1f0c56576
7a22324c-65d3-4b14-997d-f1c98b61eacf,Create dTech Reporting Template MVP (DTG.P1.M7.N497),,barukimang,0x42c9A3f034592C39028AEa70A6e69Fbc6cCf6C31,23383847-d1ae-4b41-99db-9eb3da4e7cc0,dTech Creator Gigs,32.16,2022-08-17 12:48:24,ANT,0xa117000000f279D81A1D3cc75430fAA017FA5A2e,0xbc4784ca0e770abb0a82778e9c71acd88da3583fa2cab8594e7ddac9a2fdb97c,0xecc68ada5aa8b56fe2412135c5604089f5134f001412008fa1c756d1f0c56576
68cac80a-7729-42bc-a25f-2846af51202a,Create dTech Reporting Template Prototype (DTG.P1.M7.N496),,barukimang,0x42c9A3f034592C39028AEa70A6e69Fbc6cCf6C31,23383847-d1ae-4b41-99db-9eb3da4e7cc0,dTech Creator Gigs,14.07,2022-08-17 12:48:24,ANT,0xa117000000f279D81A1D3cc75430fAA017FA5A2e,0xbc4784ca0e770abb0a82778e9c71acd88da3583fa2cab8594e7ddac9a2fdb97c,0xecc68ada5aa8b56fe2412135c5604089f5134f001412008fa1c756d1f0c56576
68cac80a-7729-42bc-a25f-2846af51202a,Create dTech Reporting Template Prototype (DTG.P1.M7.N496),,barukimang,0x42c9A3f034592C39028AEa70A6e69Fbc6cCf6C31,23383847-d1ae-4b41-99db-9eb3da4e7cc0,dTech Creator Gigs,252.05,2022-08-17 12:48:24,USDC,0xA0b86991c6218b36c1d19D4a2e9Eb0cE3606eB48,0xbc4784ca0e770abb0a82778e9c71acd88da3583fa2cab8594e7ddac9a2fdb97c,0xecc68ada5aa8b56fe2412135c5604089f5134f001412008fa1c756d1f0c56576
30cecceb-5fe8-4519-a443-a4804d89e363,Thorough test/ review of new App: https://staging-app.aragon.org/ (DTG.P1.M7.N495),,barukimang,0x42c9A3f034592C39028AEa70A6e69Fbc6cCf6C31,23383847-d1ae-4b41-99db-9eb3da4e7cc0,dTech Creator Gigs,32.16,2022-08-17 12:48:24,ANT,0xa117000000f279D81A1D3cc75430fAA017FA5A2e,0xbc4784ca0e770abb0a82778e9c71acd88da3583fa2cab8594e7ddac9a2fdb97c,0xecc68ada5aa8b56fe2412135c5604089f5134f001412008fa1c756d1f0c56576
